1,48,50,7940,8110,30,0,0,0
2,48,50,10930,11100,40,0,0,0
3,48,50,12260,12430,31,0,0,0
4,49,48,8460,8625,59,0,0,0
5,48,50,9380,9550,40,1,0,0
6,68,49,9315,9445,6,0,0,0
7,68,49,12195,12325,108,0,0,0
8,68,49,7875,8005,133,0,0,0
9,50,48,7685,7860,30,0,0,0
10,50,48,9125,9300,40,0,0,0
11,50,48,10565,10740,40,1,0,0
12,50,48,12005,12180,31,0,0,0
13,48,49,7685,7845,103,0,0,0
14,48,49,9125,9285,59,0,0,0
15,50,72,7650,7825,50,0,0,0
16,50,72,9090,9265,94,0,0,0
17,50,72,10530,10705,69,1,0,0
18,50,72,11970,12145,68,0,0,0
19,36,4,7965,8725,24,0,0,0
20,72,49,11065,11225,29,0,0,0
21,72,49,12435,12595,29,0,0,0
22,71,32,10830,10935,123,0,0,0
23,32,49,11115,11200,123,0,0,0
24,72,49,8115,8275,92,0,0,0
25,72,49,9555,9715,29,1,0,0
26,50,72,8185,8365,76,0,0,0
27,50,72,9590,9770,122,0,0,0
28,50,72,11180,11360,5,0,0,0
29,50,72,12505,12685,73,0,0,0
30,68,49,11355,11470,30,0,0,0
31,71,32,12270,12375,125,0,0,0
32,32,49,12435,12520,125,0,0,0
33,72,50,11410,11575,5,0,0,0
34,50,67,7850,8000,33,0,0,0
35,50,67,9290,9440,12,0,0,0
36,50,67,10730,10880,15,1,0,0
37,50,67,12170,12320,74,0,0,0
38,68,49,12795,12910,30,0,0,0
39,72,50,9865,10030,101,1,0,0
40,72,50,8425,8590,76,0,0,0
41,72,50,12745,12910,73,0,0,0
42,49,32,7635,7730,90,0,0,0
43,49,32,9075,9170,7,0,0,0
44,49,32,10515,10610,92,1,0,0
45,49,32,11955,12050,125,0,0,0
46,71,32,7950,8055,90,0,0,0
47,32,49,8115,8200,90,0,0,0
48,71,32,9390,9495,7,0,0,0
49,67,50,8070,8215,33,0,0,0
50,67,50,9510,9655,12,1,0,0
51,67,50,10985,11130,5,0,0,0
52,67,50,12390,12535,74,0,0,0
53,32,49,9555,9640,7,1,0,0
54,72,50,10970,11135,122,0,0,0
55,49,72,7875,8050,92,0,0,0
56,72,50,7900,8065,70,0,0,0
57,72,50,9340,9505,134,1,0,0
58,72,50,12220,12385,68,0,0,0
59,49,72,9315,9490,29,0,0,0
60,49,72,10755,10930,29,1,0,0
61,49,72,12195,12370,29,0,0,0
62,32,71,7810,7905,90,0,0,0
63,32,71,9250,9345,7,0,0,0
64,32,71,10690,10785,123,0,0,0
65,32,71,12130,12225,125,0,0,0
66,49,36,7770,7845,24,0,0,0
67,49,68,11180,11305,30,0,0,0
68,49,68,12620,12745,30,0,0,0
69,4,36,8905,9735,24,0,0,0
70,50,48,8155,8345,44,0,0,0
71,50,48,11145,11335,40,0,0,0
72,50,48,12475,12665,45,0,0,0
73,36,49,11025,11100,24,0,0,0
74,49,67,9070,9230,45,0,0,0
75,49,67,11950,12110,44,0,0,0
76,49,67,8465,8615,140,0,0,0
77,49,67,9905,10055,121,1,0,0
78,49,67,11345,11495,58,0,0,0
79,49,67,12785,12935,122,0,0,0
80,67,69,9295,9460,45,0,0,0
81,67,69,12175,12340,44,0,0,0
82,50,38,11200,11295,65,0,0,0
83,48,50,8415,8580,44,0,0,0
84,48,50,11385,11550,40,0,0,0
85,48,50,12735,12900,45,0,0,0
86,50,68,7730,7865,46,0,0,0
87,50,68,9170,9305,101,0,0,0
88,50,68,10610,10745,98,1,0,0
89,50,68,12050,12185,45,0,0,0
90,49,67,7630,7790,45,0,0,0
91,67,69,7855,8020,45,0,0,0
92,67,49,7905,8055,132,0,0,0
93,67,49,12225,12375,67,0,0,0
94,69,67,8070,8215,45,0,0,0
95,69,67,10950,11095,45,0,0,0
96,67,49,8275,8425,45,0,0,0
97,67,49,11155,11305,45,0,0,0
98,67,49,9345,9495,5,1,0,0
99,67,49,11240,11390,48,0,0,0
100,68,50,7915,8050,46,0,0,0
101,68,50,9355,9490,101,1,0,0
102,68,50,10985,11120,101,0,0,0
103,68,50,12235,12370,45,0,0,0
104,37,49,9490,9615,115,1,0,0
105,37,49,12370,12495,12,0,0,0
106,21,49,9200,9470,13,0,0,0
107,21,49,12080,12360,110,0,0,0
108,49,37,9550,9690,13,0,0,0
109,49,37,12430,12570,110,0,0,0
110,49,21,9690,9960,115,1,0,0
111,49,21,12570,12840,12,0,0,0
112,67,49,8100,8240,106,0,0,0
113,67,49,9540,9680,77,1,0,0
114,38,50,11055,11140,62,0,0,0
115,67,38,12030,12115,17,0,0,0
116,62,49,7760,7875,47,0,0,0
117,62,49,11110,11225,15,0,0,0
118,62,49,12080,12195,6,0,0,0
119,38,50,12175,12260,17,0,0,0
120,67,38,7710,7795,55,0,0,0
121,38,50,7855,7940,55,0,0,0
122,32,49,7645,7735,36,0,0,0
123,32,49,9085,9175,131,0,0,0
124,32,49,10525,10615,84,1,0,0
125,32,49,11965,12055,119,0,0,0
126,50,67,8025,8175,40,0,0,0
127,50,67,9465,9615,33,1,0,0
128,50,67,11170,11320,43,0,0,0
129,50,67,12345,12495,46,0,0,0
130,72,49,9035,9200,141,0,0,0
131,72,49,10940,11105,120,0,0,0
132,72,49,7595,7760,130,0,0,0
133,72,49,11915,12080,131,0,0,0
134,67,50,11505,11645,32,0,0,0
135,49,67,7865,8025,106,0,0,0
136,49,67,9305,9465,77,1,0,0
137,49,67,11415,11575,120,0,0,0
138,49,67,12185,12345,30,0,0,0
139,62,49,9200,9315,10,0,0,0
140,67,50,8235,8375,40,0,0,0
141,67,50,9675,9815,33,1,0,0
142,67,50,12555,12695,46,0,0,0
143,38,67,11355,11450,65,0,0,0
144,50,38,8320,8415,72,0,0,0
145,50,38,12640,12735,96,0,0,0
146,49,62,7620,7730,69,0,0,0
147,49,62,9060,9170,15,0,0,0
148,49,62,10500,10610,50,1,0,0
149,49,62,11940,12050,92,0,0,0
150,38,67,8475,8570,72,0,0,0
151,38,67,12795,12890,96,0,0,0
152,67,49,10980,11120,133,0,0,0
153,67,49,12420,12560,30,0,0,0
154,49,72,8430,8610,141,0,0,0
155,49,72,9870,10050,90,1,0,0
156,49,72,11310,11490,131,0,0,0
157,49,72,12750,12930,136,0,0,0
158,67,38,10590,10675,62,0,0,0
159,49,37,9910,10040,105,1,0,0
160,62,49,8420,8535,54,0,0,0
161,49,62,8455,8565,41,0,0,0
162,49,62,9895,10005,6,1,0,0
163,49,62,11450,11550,33,0,0,0
164,49,62,12775,12885,43,0,0,0
165,49,57,7665,7775,88,0,0,0
166,49,57,9105,9215,19,0,0,0
167,49,57,10545,10655,48,1,0,0
168,49,57,11985,12095,19,0,0,0
169,49,22,7905,8170,104,0,0,0
170,49,22,9345,9610,16,0,0,0
171,49,22,10785,11050,105,1,0,0
172,49,22,12225,12490,105,0,0,0
173,49,62,7950,8055,47,0,0,0
174,49,62,9390,9495,10,0,0,0
175,49,62,10830,10935,41,1,0,0
176,49,62,12270,12375,6,0,0,0
177,49,32,8520,8625,126,0,0,0
178,49,32,9960,10065,9,1,0,0
179,49,32,11400,11505,119,0,0,0
180,49,32,12840,12945,127,0,0,0
181,62,49,7650,7760,58,0,0,0
182,62,49,11970,12080,33,0,0,0
183,57,49,7850,7955,88,0,0,0
184,57,49,9290,9395,19,0,0,0
185,57,49,11120,11225,76,0,0,0
186,57,49,12170,12275,19,0,0,0
187,62,49,9680,9790,6,1,0,0
188,62,49,11120,11230,10,0,0,0
189,62,49,8240,8350,59,0,0,0
190,62,49,12560,12670,57,0,0,0
191,62,49,9090,9200,41,0,0,0
192,62,49,10530,10640,37,1,0,0
193,49,62,8250,8355,54,0,0,0
194,49,62,11235,11340,56,0,0,0
195,22,49,8140,8410,115,0,0,0
196,22,49,11020,11290,105,0,0,0
197,22,49,12460,12715,124,0,0,0
198,49,62,8070,8175,59,0,0,0
199,49,62,9510,9615,6,0,0,0
200,49,62,11215,11320,35,0,0,0
201,49,62,12390,12495,57,0,0,0
202,49,62,7735,7840,56,0,0,0
203,49,62,9175,9280,30,0,0,0
204,49,62,10615,10720,26,1,0,0
205,49,62,12055,12160,57,0,0,0
206,49,37,8470,8600,115,0,0,0
207,49,37,11350,11480,105,0,0,0
208,49,37,12790,12920,124,0,0,0
209,62,49,11415,11530,86,0,0,0
210,37,49,7715,7840,104,0,0,0
211,37,49,9155,9280,16,0,0,0
212,37,49,10985,11110,124,0,0,0
213,37,49,12035,12160,105,0,0,0
214,62,49,7900,8010,56,0,0,0
215,62,49,11020,11130,28,0,0,0
216,22,49,9580,9835,105,1,0,0
217,62,49,9340,9450,30,0,0,0
218,62,49,12220,12330,57,0,0,0
219,62,50,12425,12510,65,0,0,0
220,49,27,8055,8235,8,0,0,0
221,49,27,11275,11455,76,0,0,0
222,62,49,11325,11445,75,0,0,0
223,62,49,8340,8460,30,0,0,0
224,62,50,8105,8190,117,0,0,0
225,62,50,9545,9630,65,1,0,0
226,50,62,8310,8390,26,0,0,0
227,50,62,11190,11270,68,0,0,0
228,50,62,12630,12710,53,0,0,0
229,16,49,10940,11130,57,0,0,0
230,49,62,8340,8445,93,0,0,0
231,49,62,9780,9885,48,1,0,0
232,49,62,11220,11325,41,0,0,0
233,49,62,12660,12765,29,0,0,0
234,49,16,10650,10845,7,1,0,0
235,62,50,11345,11435,100,0,0,0
236,62,50,12785,12875,53,0,0,0
237,16,49,8030,8230,18,0,0,0
238,16,49,9500,9690,58,1,0,0
239,16,49,12380,12570,133,0,0,0
240,62,49,9945,10055,48,1,0,0
241,49,57,8100,8205,109,0,0,0
242,49,57,9540,9645,30,0,0,0
243,49,57,10980,11085,94,1,0,0
244,49,57,12420,12525,102,0,0,0
245,49,16,7770,7970,18,0,0,0
246,49,16,9210,9405,58,0,0,0
247,49,16,12090,12285,133,0,0,0
248,62,49,11385,11495,35,0,0,0
249,62,50,8465,8555,26,0,0,0
250,62,50,9905,9995,44,1,0,0
251,49,62,8160,8265,95,0,0,0
252,49,62,9600,9705,28,0,0,0
253,49,62,11275,11380,96,0,0,0
254,49,62,12480,12585,41,0,0,0
255,62,49,8505,8615,93,0,0,0
256,62,49,12825,12935,29,0,0,0
257,50,62,9750,9830,44,1,0,0
258,50,62,7895,7975,83,0,0,0
259,50,62,9335,9415,73,0,0,0
260,50,62,10775,10855,38,1,0,0
261,50,62,12215,12295,39,0,0,0
262,27,49,8045,8205,14,0,0,0
263,27,49,10965,11125,129,0,0,0
264,49,22,8265,8530,14,0,0,0
265,49,22,11225,11490,129,0,0,0
266,62,49,12660,12775,31,0,0,0
267,22,49,7735,7995,8,0,0,0
268,22,49,10615,10875,8,1,0,0
269,62,49,8120,8230,47,0,0,0
270,62,49,9560,9670,91,1,0,0
271,62,49,11375,11485,41,0,0,0
272,62,49,12440,12550,6,0,0,0
273,62,49,9780,9900,94,1,0,0
274,62,50,11050,11135,65,0,0,0
275,14,49,8445,8525,106,0,0,0
276,14,49,9885,9965,93,1,0,0
277,60,79,7860,7950,123,0,0,0
278,60,79,9300,9390,53,0,0,0
279,60,79,10740,10830,64,0,0,0
280,60,79,12180,12270,78,0,0,0
281,49,79,7670,7870,107,0,0,0
282,49,79,9110,9310,56,0,0,0
283,49,79,10550,10750,36,1,0,0
284,49,79,11990,12190,1,0,0,0
285,14,49,7940,8020,109,0,0,0
286,14,49,9380,9460,18,0,0,0
287,14,49,11285,11365,120,0,0,0
288,14,49,12260,12340,102,0,0,0
289,17,49,7740,7915,15,0,0,0
290,17,49,9180,9355,108,0,0,0
291,17,49,10620,10795,19,1,0,0
292,17,49,12060,12235,4,0,0,0
293,61,14,7790,7875,85,0,0,0
294,61,14,9230,9315,17,0,0,0
295,61,14,11150,11235,127,0,0,0
296,61,14,12110,12195,116,0,0,0
297,49,23,11400,11955,22,0,0,0
298,63,14,8130,8225,91,0,0,0
299,63,14,12450,12545,19,0,0,0
300,14,61,11285,11370,127,0,0,0
301,79,60,8200,8300,37,0,0,0
302,79,60,9640,9740,126,0,0,0
303,79,60,12520,12620,55,0,0,0
304,14,63,12605,12705,19,0,0,0
305,14,63,8285,8385,91,0,0,0
306,49,24,9950,10515,22,1,0,0
307,14,61,7935,8020,85,0,0,0
308,14,61,9375,9460,17,0,0,0
309,14,61,12255,12340,116,0,0,0
310,60,50,8360,8490,37,0,0,0
311,60,50,9800,9930,69,1,0,0
312,49,14,8310,8385,106,0,0,0
313,49,14,9750,9825,93,1,0,0
314,49,14,11190,11265,95,0,0,0
315,49,14,12630,12705,6,0,0,0
316,24,49,10635,11215,22,1,0,0
317,60,50,12680,12810,55,0,0,0
318,50,60,7685,7810,123,0,0,0
319,50,60,9125,9250,53,0,0,0
320,50,60,10565,10690,122,1,0,0
321,50,60,12005,12130,78,0,0,0
322,79,60,11080,11180,74,0,0,0
323,14,49,12765,12845,6,0,0,0
324,60,50,11240,11370,74,0,0,0
325,49,14,7800,7880,109,0,0,0
326,49,14,9240,9320,18,0,0,0
327,49,14,11155,11235,120,0,0,0
328,49,14,12120,12200,102,0,0,0
329,49,17,8395,8580,108,0,0,0
330,49,17,9835,10020,19,1,0,0
331,49,17,11275,11460,4,0,0,0
332,49,17,12715,12900,94,0,0,0
333,14,49,11325,11405,95,0,0,0
334,49,60,7930,8080,48,0,0,0
335,49,60,9370,9520,64,0,0,0
336,49,60,10810,10960,37,1,0,0
337,49,60,12250,12400,134,0,0,0
338,54,78,7865,7930,101,0,0,0
339,54,78,9305,9370,117,0,0,0
340,54,78,12185,12250,104,0,0,0
341,60,78,9955,10010,110,0,0,0
342,60,78,12835,12890,18,0,0,0
343,49,1,9940,10660,20,1,0,0
344,49,1,12820,13540,22,0,0,0
345,55,77,8110,8240,64,0,0,0
346,50,54,10565,10700,136,1,0,0
347,49,60,8315,8470,92,0,0,0
348,49,60,11195,11350,103,0,0,0
349,76,60,8285,8405,48,0,0,0
350,76,60,11165,11285,37,0,0,0
351,55,77,10990,11120,6,1,0,0
352,55,77,12430,12560,35,0,0,0
353,54,78,10745,10810,36,0,0,0
354,60,49,8460,8605,48,0,0,0
355,60,49,11340,11485,37,0,0,0
356,77,55,11175,11320,36,0,0,0
357,60,78,8515,8570,92,0,0,0
358,60,78,11395,11450,103,0,0,0
359,55,49,11365,11495,36,0,0,0
360,78,54,10870,10940,36,0,0,0
361,54,50,10985,11115,136,1,0,0
362,76,60,12605,12725,134,0,0,0
363,77,55,8290,8435,64,0,0,0
364,77,55,12610,12755,35,0,0,0
365,78,54,7990,8060,101,0,0,0
366,78,54,12310,12380,104,0,0,0
367,78,60,9165,9235,92,0,0,0
368,60,49,9290,9440,92,0,0,0
369,60,49,12780,12925,134,0,0,0
370,79,49,12235,12455,1,0,0,0
371,54,50,8105,8235,101,0,0,0
372,54,50,12425,12555,104,0,0,0
373,79,49,7915,8135,107,0,0,0
374,78,60,10605,10675,8,0,0,0
375,76,60,9725,9845,64,0,0,0
376,60,49,9900,10045,141,1,0,0
377,79,49,10965,11185,56,0,0,0
378,60,49,10970,11120,8,0,0,0
379,49,55,7940,8065,64,0,0,0
380,49,55,10820,10945,6,1,0,0
381,49,55,12260,12385,35,0,0,0
382,79,49,9355,9575,68,1,0,0
383,78,60,7725,7795,93,0,0,0
384,78,60,12045,12115,103,0,0,0
385,23,49,12080,12655,22,0,0,0
386,23,49,7760,8335,3,0,0,0
387,78,54,9430,9500,117,0,0,0
388,54,50,9545,9675,117,1,0,0
389,60,49,7850,8000,93,0,0,0
390,60,49,12170,12320,103,0,0,0
391,50,54,7685,7820,101,0,0,0
392,50,54,9125,9260,117,0,0,0
393,50,54,12005,12140,104,0,0,0
394,49,60,9755,9910,58,1,0,0
395,49,60,12635,12790,18,0,0,0
396,60,76,8125,8240,48,0,0,0
397,60,76,9565,9680,64,0,0,0
398,60,76,11005,11120,37,0,0,0
399,60,76,12445,12560,134,0,0,0
400,76,57,9440,9595,76,0,0,0
401,57,50,9655,9740,76,1,0,0
402,57,50,8550,8630,73,0,0,0
403,57,50,9990,10070,108,1,0,0
404,57,50,11430,11510,63,0,0,0
405,57,50,12870,12950,4,0,0,0
406,50,57,7670,7755,39,0,0,0
407,50,57,9110,9195,76,0,0,0
408,50,57,10550,10635,39,1,0,0
409,50,57,11990,12075,99,0,0,0
410,50,57,7965,8050,81,0,0,0
411,50,57,9405,9490,74,0,0,0
412,50,57,10845,10930,117,1,0,0
413,50,57,12285,12370,111,0,0,0
414,57,76,7815,7955,39,0,0,0
415,57,76,9255,9395,76,0,0,0
416,57,76,10695,10835,108,0,0,0
417,57,76,12135,12275,99,0,0,0
418,76,57,10880,11035,121,0,0,0
419,57,79,8110,8250,81,0,0,0
420,57,79,9550,9690,74,0,0,0
421,57,79,10990,11130,132,0,0,0
422,57,79,12430,12570,111,0,0,0
423,57,50,11095,11180,121,0,0,0
424,1,49,11095,11890,20,1,0,0
425,76,57,8000,8155,39,0,0,0
426,76,57,12320,12475,99,0,0,0
427,1,49,8215,9010,21,0,0,0
428,57,50,8215,8300,39,0,0,0
429,57,50,12535,12620,99,0,0,0
430,79,57,8355,8490,73,0,0,0
431,79,57,9795,9930,108,0,0,0
432,79,57,11235,11370,63,0,0,0
433,79,57,12675,12810,4,0,0,0
434,55,49,8480,8610,64,0,0,0
435,55,49,12800,12930,35,0,0,0
436,49,56,7645,7730,7,0,0,0
437,49,56,9085,9170,128,0,0,0
438,49,56,10525,10610,142,1,0,0
439,49,56,11965,12050,128,0,0,0
440,57,77,8380,8545,132,0,0,0
441,57,77,9820,9985,18,0,0,0
442,57,77,11370,11535,54,0,0,0
443,57,77,12700,12865,131,0,0,0
444,49,79,7925,8135,37,0,0,0
445,49,79,9365,9575,69,0,0,0
446,49,79,10805,11015,135,1,0,0
447,49,79,12245,12455,55,0,0,0
448,76,56,7995,8160,7,0,0,0
449,76,56,10875,11040,125,0,0,0
450,56,49,8205,8290,7,0,0,0
451,56,49,11085,11170,125,0,0,0
452,52,79,8140,8300,73,0,0,0
453,52,79,9580,9740,108,0,0,0
454,52,79,11020,11180,63,0,0,0
455,52,79,12460,12620,4,0,0,0
456,76,56,12315,12480,94,0,0,0
457,77,57,7745,7910,9,0,0,0
458,77,57,9185,9350,132,0,0,0
459,77,57,10625,10790,18,0,0,0
460,77,57,12065,12230,90,0,0,0
461,50,24,11385,11955,21,0,0,0
462,56,49,12525,12610,94,0,0,0
463,79,49,8125,8345,122,0,0,0
464,79,49,9565,9775,126,1,0,0
465,79,49,11005,11225,53,0,0,0
466,79,49,12445,12655,101,0,0,0
467,24,50,7755,8340,22,0,0,0
468,24,50,12075,12660,21,0,0,0
469,57,49,7980,8085,9,0,0,0
470,57,49,9420,9525,132,1,0,0
471,57,49,11100,11205,18,0,0,0
472,57,49,12300,12420,90,0,0,0
473,76,56,9435,9600,121,0,0,0
474,56,49,9645,9730,121,1,0,0
475,49,52,7990,8080,73,0,0,0
476,49,52,9430,9520,108,0,0,0
477,49,52,10870,10960,63,1,0,0
478,49,52,12310,12400,4,0,0,0
479,49,36,8410,8480,122,0,0,0
480,49,36,9850,9920,126,1,0,0
481,49,36,11290,11360,53,0,0,0
482,49,36,12730,12800,101,0,0,0
483,49,57,8210,8320,132,0,0,0
484,49,57,9585,9695,18,0,0,0
485,49,57,11210,11320,54,0,0,0
486,49,57,12530,12640,131,0,0,0
487,36,49,7785,7865,37,0,0,0
488,36,49,9225,9305,69,0,0,0
489,36,49,10665,10745,135,1,0,0
490,36,49,12105,12185,55,0,0,0
491,56,76,7775,7935,7,0,0,0
492,56,76,9215,9375,128,0,0,0
493,56,76,10655,10815,121,0,0,0
494,56,76,12095,12255,128,0,0,0
495,49,25,8490,8660,77,0,0,0
496,49,25,9930,10100,91,1,0,0
497,49,25,11370,11540,106,0,0,0
498,49,25,12810,12980,71,0,0,0
499,25,49,9775,9960,10,1,0,0
500,25,49,12655,12840,17,0,0,0
501,49,64,9380,9490,50,0,0,0
502,50,25,9360,9540,22,0,0,0
503,50,25,10800,10980,25,1,0,0
504,52,49,8530,8620,81,0,0,0
505,52,49,12850,12940,111,0,0,0
506,57,29,8140,8240,15,0,0,0
507,57,29,11020,11120,93,0,0,0
508,57,29,12460,12560,10,0,0,0
509,29,57,8310,8410,15,0,0,0
510,29,57,11190,11290,93,0,0,0
511,29,57,12630,12730,10,0,0,0
512,64,77,9540,9680,50,0,0,0
513,79,52,11175,11345,132,0,0,0
514,52,49,11410,11500,132,0,0,0
515,50,25,7920,8100,138,0,0,0
516,50,25,12240,12420,3,0,0,0
517,79,52,9735,9905,69,0,0,0
518,77,64,9730,9890,50,1,0,0
519,25,49,7605,7795,92,0,0,0
520,25,49,9045,9235,77,0,0,0
521,25,49,10485,10675,35,1,0,0
522,25,49,11925,12115,64,0,0,0
523,52,49,9970,10060,74,1,0,0
524,64,49,9935,10050,50,1,0,0
525,25,50,11060,11225,21,0,0,0
526,49,25,9300,9470,21,0,0,0
527,49,25,10740,10910,23,1,0,0
528,49,25,12180,12350,25,0,0,0
529,25,50,8180,8345,138,0,0,0
530,25,50,12500,12665,3,0,0,0
531,49,63,9590,9645,9,0,0,0
532,49,25,11215,11385,28,0,0,0
533,25,50,9620,9785,25,1,0,0
534,49,63,8015,8070,91,0,0,0
535,49,63,12335,12390,19,0,0,0
536,49,25,9540,9710,3,0,0,0
537,49,25,12420,12590,2,0,0,0
538,49,2,8650,9370,23,0,0,0
539,49,2,11530,12250,24,0,0,0
540,25,49,11050,11225,25,0,0,0
541,25,49,12490,12665,23,0,0,0
542,49,25,8100,8270,20,0,0,0
543,49,57,7980,8080,15,0,0,0
544,63,49,7800,7850,64,0,0,0
545,63,49,11125,11175,107,0,0,0
546,25,49,8335,8520,20,0,0,0
547,25,49,11215,11400,26,0,0,0
548,49,57,10860,10960,19,1,0,0
549,49,57,12300,12400,10,0,0,0
550,25,49,9610,9785,22,1,0,0
551,79,52,8295,8465,81,0,0,0
552,79,52,12615,12785,111,0,0,0
553,63,49,9240,9290,91,0,0,0
554,25,50,9925,10090,28,1,0,0
555,25,61,11350,11530,116,0,0,0
556,49,25,10500,10670,3,1,0,0
557,25,49,11040,11225,22,0,0,0
558,49,25,7740,7910,25,0,0,0
559,49,25,9180,9350,20,0,0,0
560,49,25,10620,10790,24,1,0,0
561,49,25,12060,12230,20,0,0,0
562,25,61,12555,12735,89,0,0,0
563,25,61,8235,8415,52,0,0,0
564,25,61,9675,9855,63,1,0,0
565,25,49,12175,12360,2,0,0,0
566,49,27,7730,7900,14,0,0,0
567,49,27,10610,10780,14,1,0,0
568,25,49,7855,8040,20,0,0,0
569,25,49,9295,9480,28,0,0,0
570,50,25,7650,7820,29,0,0,0
571,50,25,9090,9260,27,0,0,0
572,50,25,10530,10700,2,1,0,0
573,50,25,11970,12140,28,0,0,0
574,49,27,12050,12220,115,0,0,0
575,25,49,11050,11225,2,0,0,0
576,25,49,12305,12480,20,0,0,0
577,50,25,8160,8330,29,0,0,0
578,50,25,9600,9770,26,0,0,0
579,50,25,11160,11330,3,0,0,0
580,50,25,12480,12650,28,0,0,0
581,27,49,11315,11480,77,0,0,0
582,57,49,8470,8575,15,0,0,0
583,57,49,11350,11455,93,0,0,0
584,57,49,12790,12895,10,0,0,0
585,25,50,7895,8075,29,0,0,0
586,25,50,9335,9515,27,1,0,0
587,25,50,10930,11110,3,0,0,0
588,25,50,12215,12395,28,0,0,0
589,27,49,8435,8600,8,0,0,0
590,2,49,12660,13330,24,0,0,0
591,2,49,10415,11110,23,0,0,0
592,61,25,7995,8175,52,0,0,0
593,61,25,9435,9615,63,0,0,0
594,61,25,11165,11345,9,0,0,0
595,61,25,12315,12495,89,0,0,0
596,49,25,7620,7790,20,0,0,0
597,49,25,9060,9230,28,0,0,0
598,49,25,11940,12110,2,0,0,0
599,25,50,11380,11545,3,0,0,0
600,25,50,8485,8650,27,0,0,0
601,25,50,12805,12970,20,0,0,0
602,41,49,8035,8145,63,0,0,0
603,41,49,11035,11145,17,0,0,0
604,41,49,12355,12465,76,0,0,0
605,32,50,8390,8480,12,0,0,0
606,50,32,7905,7995,12,0,0,0
607,52,25,8280,8420,11,0,0,0
608,50,32,10785,10875,126,1,0,0
609,50,32,12225,12315,121,0,0,0
610,49,8,9170,9405,35,0,0,0
611,49,8,10610,10845,64,1,0,0
612,32,25,8330,8465,84,0,0,0
613,32,25,9770,9905,84,0,0,0
614,32,25,11275,11410,108,0,0,0
615,32,25,12650,12785,38,0,0,0
616,32,30,8055,8175,12,0,0,0
617,32,30,10935,11055,47,0,0,0
618,32,30,12375,12495,121,0,0,0
619,49,27,8205,8380,63,0,0,0
620,49,27,11205,11380,17,0,0,0
621,49,27,12525,12700,76,0,0,0
622,25,32,11410,11565,9,0,0,0
623,25,32,8530,8685,84,0,0,0
624,25,32,9970,10125,84,0,0,0
625,25,32,12850,13005,38,0,0,0
626,30,32,11105,11210,47,0,0,0
627,27,49,7645,7815,63,0,0,0
628,27,41,10525,10755,17,0,1,0
629,27,49,11965,12135,76,0,0,0
630,36,25,8380,8585,25,0,0,0
631,36,25,9820,10025,21,0,0,0
632,36,25,11260,11465,20,0,0,0
633,36,25,12700,12905,25,0,0,0
634,32,50,11270,11360,47,0,0,0
635,52,25,9720,9860,94,0,0,0
636,52,25,11160,11300,116,0,0,0
637,52,25,12600,12740,60,0,0,0
638,30,32,12545,12650,121,0,0,0
639,49,41,7875,7985,63,0,0,0
640,49,41,10755,10865,137,1,1,0
641,49,41,12195,12305,76,0,0,0
642,32,50,12710,12800,121,0,0,0
643,25,36,8120,8320,25,0,0,0
644,25,36,9560,9760,21,0,0,0
645,25,36,11000,11200,20,0,0,0
646,25,36,12440,12640,25,0,0,0
647,25,49,8050,8160,23,0,0,0
648,25,49,9425,9600,20,1,0,0
649,30,32,8225,8330,12,0,0,0
650,32,49,11195,11295,106,0,0,0
651,30,32,8160,8265,77,0,0,0
652,32,49,8315,8415,77,0,0,0
653,30,49,11345,11505,134,0,0,0
654,49,66,8255,8340,9,0,0,0
655,49,66,9595,9680,107,0,0,0
656,49,66,11250,11335,123,0,0,0
657,49,66,12575,12660,125,0,0,0
658,30,49,8365,8525,5,0,0,0
659,30,49,9805,9965,81,1,0,0
660,52,49,8165,8255,28,0,0,0
661,52,49,9605,9695,48,1,0,0
662,52,49,11045,11135,41,0,0,0
663,52,49,12485,12575,18,0,0,0
664,66,49,7835,7930,73,0,0,0
665,66,49,9275,9370,9,0,0,0
666,66,49,10715,10810,63,1,0,0
667,66,49,12155,12250,50,0,0,0
668,49,52,7650,7735,28,0,0,0
669,49,52,9090,9175,48,0,0,0
670,49,52,10530,10615,103,1,0,0
671,49,52,11970,12055,18,0,0,0
672,66,25,8400,8545,9,0,0,0
673,66,25,9840,9985,107,0,0,0
674,66,25,11385,11530,123,0,0,0
675,66,25,12720,12865,125,0,0,0
676,49,32,7780,7890,77,0,0,0
677,49,32,9220,9330,106,0,0,0
678,49,32,10660,10770,67,1,0,0
679,49,32,12100,12210,122,0,0,0
680,25,52,8495,8625,11,0,0,0
681,25,52,9935,10065,63,0,0,0
682,25,52,11460,11590,108,0,0,0
683,25,52,12815,12945,60,0,0,0
684,52,30,7795,7925,28,0,0,0
685,52,30,9235,9365,48,0,0,0
686,52,30,10675,10805,139,0,0,0
687,52,30,12115,12245,18,0,0,0
688,8,49,9475,9725,35,1,0,0
689,8,49,10915,11165,35,0,0,0
690,32,30,7970,8090,77,0,0,0
691,32,30,9410,9530,106,0,0,0
692,32,30,10850,10970,106,0,0,0
693,32,30,12290,12410,122,0,0,0
694,25,66,9050,9205,9,0,0,0
695,25,66,10490,10645,127,0,0,0
696,25,66,11930,12085,50,0,0,0
697,30,32,9595,9705,106,0,0,0
698,30,32,12480,12585,122,0,0,0
699,49,30,8145,8315,5,0,0,0
700,49,30,9585,9755,81,1,0,0
701,49,30,11230,11400,140,0,0,0
702,30,52,7985,8105,28,0,0,0
703,30,52,9425,9545,48,0,0,0
704,30,52,10865,10985,41,0,0,0
705,30,52,12305,12425,18,0,0,0
706,30,32,11040,11145,106,0,0,0
707,32,49,9755,9855,106,1,0,0
708,32,49,12635,12735,122,0,0,0
709,25,49,9845,10035,26,1,0,0
710,50,30,7705,7860,98,0,0,0
711,50,30,9145,9300,99,0,0,0
712,50,30,10585,10740,76,1,0,0
713,50,30,12025,12180,126,0,0,0
714,50,25,8460,8645,98,0,0,0
715,50,25,9900,10085,33,1,0,0
716,50,25,11360,11545,50,0,0,0
717,50,25,12780,12965,46,0,0,0
718,62,25,7915,7985,23,0,0,0
719,62,25,9355,9490,25,0,0,0
720,62,25,10795,10930,21,0,0,0
721,62,25,12235,12370,23,0,0,0
722,30,50,7905,8060,98,0,0,0
723,30,50,10950,11105,139,0,0,0
724,30,50,12225,12380,126,0,0,0
725,25,49,8405,8595,29,0,0,0
726,25,50,7600,7780,74,0,0,0
727,25,50,9040,9220,98,0,0,0
728,25,50,10480,10660,33,1,0,0
729,25,50,11920,12100,123,0,0,0
730,50,25,10950,11115,28,1,0,0
731,30,50,9345,9500,71,1,0,0
732,50,25,9510,9675,98,1,0,0
733,50,25,12390,12555,17,0,0,0
734,50,25,9240,9410,2,0,0,0
735,50,25,10680,10850,27,1,0,0
736,50,25,8070,8235,2,0,0,0
737,49,25,11220,11405,23,0,0,0
738,49,25,12540,12725,20,0,0,0
739,25,50,12655,12825,2,0,0,0
740,50,25,7800,7970,89,0,0,0
741,50,25,12120,12290,27,0,0,0
742,49,25,9660,9845,28,1,0,0
743,25,50,11435,11605,28,0,0,0
744,49,25,8220,8405,27,0,0,0
745,25,50,10970,11140,27,0,0,0
746,25,50,9775,9945,98,1,0,0
747,25,50,8335,8505,2,0,0,0
748,25,50,12350,12520,27,0,0,0
749,61,11,7710,7860,96,0,0,0
750,61,11,12030,12180,114,0,0,0
751,25,50,8030,8200,89,0,0,0
752,25,49,11700,11890,20,0,0,0
753,25,50,9470,9640,2,1,0,0
754,25,49,12725,12915,28,0,0,0
755,26,32,9445,9585,47,0,0,0
756,32,50,9640,9725,47,1,0,0
757,11,49,8480,8615,90,0,0,0
758,11,49,12800,12935,90,0,0,0
759,50,32,7670,7755,141,0,0,0
760,50,32,10550,10635,134,1,0,0
761,50,32,11990,12075,136,0,0,0
762,11,49,11360,11495,19,0,0,0
763,11,49,9920,10055,103,1,0,0
764,49,37,7690,7820,126,0,0,0
765,49,37,9130,9260,124,0,0,0
766,49,37,10570,10700,77,1,0,0
767,49,37,12010,12140,95,0,0,0
768,52,26,7945,8105,124,0,0,0
769,52,26,9385,9545,130,0,0,0
770,32,26,7815,7960,141,0,0,0
771,32,26,10695,10840,82,0,0,0
772,32,26,12135,12280,136,0,0,0
773,52,26,10825,10985,119,0,0,0
774,52,26,12265,12425,119,0,0,0
775,49,46,8190,8355,42,0,0,0
776,49,46,9630,9795,30,1,0,0
777,49,46,11235,11400,52,0,0,0
778,49,46,12510,12675,77,0,0,0
779,50,32,9110,9195,37,0,0,0
780,37,44,7880,7990,126,0,0,0
781,37,44,9320,9430,124,0,0,0
782,37,44,10760,10870,96,0,0,0
783,37,44,12200,12310,95,0,0,0
784,26,52,8155,8300,124,0,0,0
785,26,52,11035,11180,119,0,0,0
786,26,52,12475,12620,119,0,0,0
787,32,26,9255,9400,37,0,0,0
788,25,62,7715,7855,23,0,0,0
789,25,62,9155,9295,25,0,0,0
790,25,62,10595,10735,21,0,0,0
791,26,32,10885,11025,126,0,0,0
792,46,49,9855,10025,30,1,0,0
793,46,49,11310,11480,42,0,0,0
794,25,62,12035,12175,23,0,0,0
795,52,49,8370,8465,124,0,0,0
796,52,49,11250,11345,119,0,0,0
797,52,49,12690,12785,119,0,0,0
798,32,50,11080,11165,126,0,0,0
799,46,49,8415,8585,42,0,0,0
800,26,32,12325,12465,97,0,0,0
801,32,50,12520,12605,97,0,0,0
802,46,49,12735,12905,77,0,0,0
803,26,52,9595,9740,130,0,0,0
804,49,11,8270,8420,90,0,0,0
805,49,11,9710,9860,103,1,0,0
806,49,11,11150,11300,112,0,0,0
807,49,11,12590,12740,90,0,0,0
808,11,61,7915,8065,96,0,0,0
809,11,61,12235,12385,114,0,0,0
810,52,49,9810,9905,130,1,0,0
811,26,32,8005,8145,136,0,0,0
812,32,50,8200,8285,136,0,0,0
813,49,52,7790,7885,124,0,0,0
814,49,52,9230,9325,130,0,0,0
815,49,52,10670,10765,141,1,0,0
816,49,52,12110,12205,119,0,0,0
817,45,37,8275,8385,35,0,0,0
818,45,37,11155,11265,115,0,0,0
819,46,43,7905,7975,94,0,0,0
820,46,43,9345,9415,135,0,0,0
821,46,43,10785,10855,135,0,0,0
822,46,43,12225,12295,63,0,0,0
823,37,49,8445,8580,35,0,0,0
824,37,49,11325,11460,115,0,0,0
825,50,20,9715,10050,12,1,0,0
826,38,43,8035,8165,36,0,0,0
827,38,43,9475,9605,41,0,0,0
828,38,43,10915,11045,67,0,0,0
829,38,43,12355,12485,86,0,0,0
830,45,37,12595,12705,64,0,0,0
831,37,49,12765,12900,64,0,0,0
832,44,37,10920,11020,96,0,0,0
833,37,49,11090,11225,96,0,0,0
834,43,46,9460,9530,135,0,0,0
835,43,46,10900,10970,135,0,0,0
836,43,46,12340,12410,63,0,0,0
837,20,50,7705,8020,135,0,0,0
838,20,50,12025,12340,139,0,0,0
839,44,37,8040,8140,126,0,0,0
840,44,37,12360,12460,95,0,0,0
841,37,49,8210,8345,126,0,0,0
842,37,49,12530,12665,95,0,0,0
843,45,37,9715,9825,70,0,0,0
844,46,50,9590,9745,135,1,0,0
845,46,50,11030,11185,135,0,0,0
846,46,50,12470,12625,63,0,0,0
847,49,37,7895,8035,35,0,0,0
848,49,37,9335,9475,64,1,0,0
849,49,37,10775,10915,54,1,0,0
850,49,37,12215,12355,64,0,0,0
851,37,49,9890,10020,64,1,0,0
852,49,21,7835,8090,6,0,0,0
853,49,21,12155,12410,11,0,0,0
854,44,37,9480,9580,124,0,0,0
855,37,49,9650,9785,124,1,0,0
856,43,46,8020,8090,94,0,0,0
857,46,50,8150,8305,94,0,0,0
858,37,45,8095,8230,35,0,0,0
859,37,45,9535,9670,70,0,0,0
860,37,45,10975,11110,115,0,0,0
861,37,45,12415,12550,64,0,0,0
862,49,38,7865,7965,36,0,0,0
863,49,38,9305,9405,41,0,0,0
864,49,38,10745,10845,35,1,0,0
865,49,38,12185,12285,86,0,0,0
866,49,46,7715,7885,42,0,0,0
867,50,46,7675,7840,94,0,0,0
868,50,46,9115,9280,135,0,0,0
869,50,46,10555,10720,114,1,0,0
870,50,46,11995,12160,63,0,0,0
871,49,46,9155,9325,103,0,0,0
872,49,46,10595,10765,43,1,0,0
873,49,46,12035,12205,49,0,0,0
874,46,49,7950,8120,42,0,0,0
875,46,49,9390,9560,103,1,0,0
876,46,49,10945,11115,30,0,0,0
877,46,49,12270,12440,49,0,0,0
878,54,49,8450,8585,134,0,0,0
879,21,49,8150,8410,6,0,0,0
880,21,49,12470,12730,11,0,0,0
881,54,49,11330,11465,49,0,0,0
882,44,38,10870,11000,100,0,0,0
883,38,50,11060,11150,100,0,0,0
884,46,50,11430,11600,126,0,0,0
885,49,54,7615,7760,134,0,0,0
886,49,54,10495,10640,130,1,0,0
887,46,50,8475,8645,117,0,0,0
888,46,50,12795,12965,135,0,0,0
889,44,38,12310,12440,96,0,0,0
890,49,46,7820,7985,58,0,0,0
891,49,46,9260,9425,93,0,0,0
892,49,46,10700,10865,90,1,0,0
893,49,46,12140,12305,48,0,0,0
894,38,50,12500,12590,96,0,0,0
895,46,50,9915,10085,114,1,0,0
896,54,75,7815,8090,134,0,0,0
897,54,75,10695,10970,117,0,0,0
898,44,38,7990,8120,72,0,0,0
899,43,38,8220,8340,36,0,0,0
900,43,38,9660,9780,41,0,0,0
901,43,38,11100,11220,67,0,0,0
902,43,38,12540,12660,86,0,0,0
903,38,50,8180,8270,72,0,0,0
904,46,49,8050,8215,58,0,0,0
905,46,49,9490,9655,93,1,0,0
906,46,49,11015,11180,140,0,0,0
907,46,49,12370,12535,48,0,0,0
908,50,46,8245,8410,117,0,0,0
909,50,46,9590,9755,44,0,0,0
910,50,46,11215,11380,126,0,0,0
911,50,46,12565,12730,135,0,0,0
912,75,54,8155,8405,134,0,0,0
913,75,54,11035,11285,49,0,0,0
914,38,49,8400,8495,36,0,0,0
915,38,49,9840,9935,41,1,0,0
916,38,49,11280,11375,67,0,0,0
917,38,49,12720,12815,86,0,0,0
918,38,44,7795,7930,72,0,0,0
919,38,44,10675,10810,100,0,0,0
920,38,44,12115,12250,96,0,0,0
921,50,38,7640,7735,72,0,0,0
922,50,38,10520,10615,65,1,0,0
923,50,38,11960,12055,96,0,0,0
924,75,37,12140,12360,107,0,0,0
925,37,50,12435,12555,107,0,0,0
926,50,38,7880,7980,53,0,0,0
927,50,38,9320,9420,78,0,0,0
928,50,38,10760,10860,78,1,0,0
929,50,38,12200,12300,32,0,0,0
930,75,38,7675,7905,68,0,0,0
931,38,49,7965,8055,68,0,0,0
932,75,37,9260,9480,70,0,0,0
933,49,38,8215,8330,67,0,0,0
934,49,38,9585,9690,68,0,0,0
935,49,38,11225,11330,107,0,0,0
936,49,38,12545,12650,67,0,0,0
937,44,57,11050,11190,55,0,0,0
938,44,57,8170,8310,71,0,0,0
939,44,57,12490,12630,100,0,0,0
940,57,50,11250,11335,55,0,0,0
941,37,50,9555,9675,70,1,0,0
942,38,45,8040,8180,53,0,0,0
943,38,45,9480,9620,78,0,0,0
944,38,45,10920,11060,78,0,0,0
945,50,37,8160,8290,70,0,0,0
946,50,37,9600,9730,71,0,0,0
947,50,37,11160,11290,69,0,0,0
948,50,37,12480,12610,68,0,0,0
949,38,45,12360,12500,32,0,0,0
950,38,75,8405,8665,67,0,0,0
951,38,75,9845,10105,68,0,0,0
952,38,75,11380,11640,107,0,0,0
953,38,75,12725,12985,67,0,0,0
954,50,57,7830,7915,71,0,0,0
955,50,57,9270,9355,55,0,0,0
956,50,57,10710,10795,101,1,0,0
957,50,57,12150,12235,100,0,0,0
958,45,38,11105,11230,78,0,0,0
959,37,75,8350,8605,70,0,0,0
960,37,75,9790,10045,71,0,0,0
961,37,75,11340,11595,69,0,0,0
962,37,75,12670,12925,68,0,0,0
963,75,38,11995,12225,69,0,0,0
964,38,50,11290,11380,78,0,0,0
965,38,49,12285,12375,69,0,0,0
966,57,44,7975,8125,71,0,0,0
967,57,44,9415,9565,55,0,0,0
968,57,44,10855,11005,55,0,0,0
969,57,44,12295,12445,100,0,0,0
970,75,38,9115,9345,67,0,0,0
971,75,38,10555,10785,71,0,0,0
972,45,38,8225,8350,53,0,0,0
973,45,38,9665,9790,78,0,0,0
974,45,38,12545,12670,32,0,0,0
975,75,37,7820,8040,66,0,0,0
976,75,37,10700,10920,68,0,0,0
977,37,50,8115,8235,66,0,0,0
978,37,50,10995,11115,68,0,0,0
979,38,50,8410,8500,53,0,0,0
980,38,50,9850,9940,78,1,0,0
981,38,50,12730,12820,32,0,0,0
982,38,49,9405,9495,67,1,0,0
983,38,49,11085,11175,71,0,0,0
984,21,49,7760,8015,19,0,0,0
985,21,49,10640,10895,115,1,0,0
986,36,62,8435,8575,10,0,0,0
987,36,62,9875,10015,142,0,0,0
988,36,62,11315,11455,6,0,0,0
989,36,62,12755,12895,139,0,0,0
990,31,49,11400,11480,18,0,0,0
991,49,78,8075,8245,19,0,0,0
992,49,78,11275,11445,15,0,0,0
993,50,31,8285,8380,78,0,0,0
994,50,31,9725,9820,40,1,0,0
995,50,31,11165,11260,33,0,0,0
996,50,31,12605,12700,107,0,0,0
997,31,49,8520,8600,7,0,0,0
998,31,49,12840,12920,103,0,0,0
999,42,49,7940,8060,5,0,0,0
1000,42,49,9380,9500,133,1,0,0
1001,42,49,11025,11145,103,0,0,0
1002,42,49,12260,12380,71,0,0,0
1003,50,31,7870,7960,26,0,0,0
1004,50,31,9310,9400,33,0,0,0
1005,50,31,10750,10840,99,1,0,0
1006,50,31,12190,12280,47,0,0,0
1007,31,49,9960,10040,43,1,0,0
1008,31,50,8445,8555,78,0,0,0
1009,31,50,11495,11605,45,0,0,0
1010,31,50,12765,12875,107,0,0,0
1011,49,31,7620,7715,48,0,0,0
1012,49,31,9060,9155,42,0,0,0
1013,49,31,10500,10595,41,1,0,0
1014,49,31,11940,12035,35,0,0,0
1015,78,49,8020,8195,13,0,0,0
1016,78,49,10965,11140,110,0,0,0
1017,31,50,8030,8140,26,0,0,0
1018,31,50,9470,9580,44,1,0,0
1019,31,50,11005,11115,33,0,0,0
1020,31,50,12350,12460,47,0,0,0
1021,57,50,8370,8455,71,0,0,0
1022,57,50,12690,12780,100,0,0,0
1023,49,21,8255,8520,13,0,0,0
1024,49,21,11225,11490,110,0,0,0
1025,31,49,7780,7870,48,0,0,0
1026,31,49,12100,12190,35,0,0,0
1027,62,36,8215,8375,10,0,0,0
1028,62,36,9655,9815,142,0,0,0
1029,62,36,11095,11255,6,0,0,0
1030,62,36,12535,12695,139,0,0,0
1031,44,57,9610,9750,55,0,0,0
1032,57,50,9810,9895,55,1,0,0
1033,31,49,10660,10750,41,1,0,0
1034,49,31,8345,8430,7,0,0,0
1035,49,31,9785,9870,43,1,0,0
1036,49,31,11225,11310,109,0,0,0
1037,49,31,12665,12750,103,0,0,0
1038,31,49,9220,9310,42,0,0,0
1039,49,42,8195,8325,133,0,0,0
1040,49,42,9600,9730,81,0,0,0
1041,49,42,11225,11355,71,0,0,0
1042,49,42,12515,12645,1,0,0,0
1043,49,31,7915,8005,54,0,0,0
1044,49,31,9360,9445,42,0,0,0
1045,49,31,11255,11345,18,0,0,0
1046,49,31,12240,12325,7,0,0,0
1047,38,49,7845,7935,91,0,0,0
1048,38,49,9285,9375,81,0,0,0
1049,38,49,12165,12255,41,0,0,0
1050,36,50,9490,9580,38,1,0,0
1051,50,31,7680,7775,40,0,0,0
1052,50,31,9120,9215,44,0,0,0
1053,50,31,10560,10655,46,1,0,0
1054,50,31,12000,12095,46,0,0,0
1055,50,34,8105,8250,127,0,0,0
1056,50,34,9545,9690,137,0,0,0
1057,50,34,10985,11130,4,1,0,0
1058,50,34,12425,12570,120,0,0,0
1059,16,49,12580,12775,127,0,0,0
1060,49,16,8030,8235,88,0,0,0
1061,49,16,10830,11025,84,1,0,0
1062,16,49,9700,9895,9,1,0,0
1063,31,49,11335,11420,80,0,0,0
1064,16,49,11095,11295,58,0,0,0
1065,49,16,9435,9640,141,0,0,0
1066,49,16,12315,12520,127,0,0,0
1067,34,50,8300,8425,127,0,0,0
1068,34,50,9740,9865,137,1,0,0
1069,34,50,11180,11305,137,0,0,0
1070,34,50,12620,12745,120,0,0,0
1071,16,49,8315,8515,88,0,0,0
1072,31,49,8070,8155,54,0,0,0
1073,31,49,9510,9600,42,1,0,0
1074,31,49,12390,12480,7,0,0,0
1075,50,36,7645,7725,37,0,0,0
1076,50,36,9085,9165,69,0,0,0
1077,50,36,10525,10605,135,1,0,0
1078,50,36,11965,12045,55,0,0,0
1079,31,50,7855,7955,40,0,0,0
1080,31,50,11025,11125,46,0,0,0
1081,31,50,12175,12275,46,0,0,0
1082,50,27,8470,8625,127,0,0,0
1083,50,27,9595,9750,104,0,0,0
1084,50,27,11350,11505,137,0,0,0
1085,50,27,12790,12945,120,0,0,0
1086,49,38,7685,7785,91,0,0,0
1087,49,38,9125,9225,81,0,0,0
1088,49,38,12005,12105,41,0,0,0
1089,31,50,9295,9395,44,0,0,0
1090,36,50,8050,8140,76,0,0,0
1091,36,50,11040,11130,75,0,0,0
1092,36,50,12370,12460,73,0,0,0
1093,27,50,7905,8055,127,0,0,0
1094,27,50,9345,9495,137,1,0,0
1095,31,50,9885,9995,40,1,0,0
1096,27,50,10960,11110,69,0,0,0
1097,27,50,12225,12375,120,0,0,0
1098,34,49,8465,8580,47,0,0,0
1099,34,49,9905,10020,56,1,0,0
1100,34,49,11345,11460,133,0,0,0
1101,34,49,12785,12900,80,0,0,0
1102,34,35,7960,8035,78,0,0,0
1103,34,35,10840,10915,43,0,0,0
1104,34,35,12280,12355,135,0,0,0
1105,31,50,12565,12670,91,0,0,0
1106,31,50,8245,8350,98,0,0,0
1107,50,36,8250,8335,89,0,0,0
1108,50,36,9690,9775,72,1,0,0
1109,50,36,11195,11280,62,0,0,0
1110,50,36,12570,12655,47,0,0,0
1111,35,50,8080,8170,78,0,0,0
1112,35,50,11030,11120,43,0,0,0
1113,35,50,12400,12490,135,0,0,0
1114,49,41,7655,7770,43,0,0,0
1115,49,41,9095,9210,43,0,0,0
1116,49,41,11975,12090,36,0,0,0
1117,34,35,9400,9475,114,0,0,0
1118,50,42,7690,7830,44,0,0,0
1119,50,42,9130,9270,46,0,0,0
1120,50,42,10570,10710,70,1,0,0
1121,50,42,12010,12150,91,0,0,0
1122,36,50,8545,8645,122,0,0,0
1123,36,50,11425,11525,53,0,0,0
1124,36,50,12865,12965,101,0,0,0
1125,35,50,9520,9610,114,1,0,0
1126,41,49,7820,7925,43,0,0,0
1127,41,49,9260,9365,43,0,0,0
1128,41,49,12140,12245,36,0,0,0
1129,50,35,7695,7785,78,0,0,0
1130,50,35,9135,9225,114,0,0,0
1131,50,35,10575,10665,45,1,0,0
1132,50,35,12015,12105,135,0,0,0
1133,42,50,10960,11100,81,0,0,0
1134,50,31,8095,8185,98,0,0,0
1135,50,31,9535,9625,46,0,0,0
1136,50,31,11195,11285,80,0,0,0
1137,50,31,12415,12505,91,0,0,0
1138,42,50,9340,9480,46,0,0,0
1139,42,50,7900,8040,44,0,0,0
1140,42,50,12220,12360,91,0,0,0
1141,35,34,7830,7910,78,0,0,0
1142,35,34,9270,9350,114,0,0,0
1143,35,34,10710,10790,43,0,0,0
1144,35,34,12150,12230,135,0,0,0
1145,31,50,9685,9790,46,1,0,0
1146,31,50,11360,11465,109,0,0,0
1147,49,34,8290,8420,47,0,0,0
1148,49,34,9730,9860,56,1,0,0
1149,49,34,11170,11300,133,0,0,0
1150,49,34,12610,12740,80,0,0,0
1151,49,31,8150,8240,50,0,0,0
1152,49,31,11355,11445,45,0,0,0
1153,49,31,12470,12560,69,0,0,0
1154,36,50,9985,10085,126,1,0,0
1155,72,49,7895,8060,50,0,0,0
1156,72,49,9335,9500,94,1,0,0
1157,72,49,10950,11115,38,0,0,0
1158,72,49,12215,12380,26,0,0,0
1159,50,16,9410,9625,57,0,0,0
1160,50,16,10850,11050,58,1,0,0
1161,50,16,12290,12505,141,0,0,0
1162,49,34,7870,7995,130,0,0,0
1163,49,34,9310,9435,109,0,0,0
1164,49,34,10750,10875,18,1,0,0
1165,49,34,12190,12315,131,0,0,0
1166,50,16,7970,8185,57,0,0,0
1167,36,62,7895,8035,117,0,0,0
1168,36,62,9335,9475,65,0,0,0
1169,36,62,10775,10915,112,0,0,0
1170,36,62,12215,12355,65,0,0,0
1171,31,49,8325,8415,50,0,0,0
1172,31,49,11310,11400,33,0,0,0
1173,31,49,12645,12735,69,0,0,0
1174,62,36,7795,7955,69,0,0,0
1175,62,36,9235,9395,15,0,0,0
1176,62,36,10675,10835,15,0,0,0
1177,62,36,12115,12275,92,0,0,0
1178,34,49,8040,8160,130,0,0,0
1179,34,49,9480,9600,109,1,0,0
1180,34,49,11035,11150,109,0,0,0
1181,34,49,12360,12480,131,0,0,0
1182,9,49,12620,12820,36,0,0,0
1183,16,50,11110,11330,141,0,0,0
1184,16,50,12565,12770,141,0,0,0
1185,9,49,9740,9940,107,1,0,0
1186,36,62,8015,8165,69,0,0,0
1187,36,62,9455,9605,15,0,0,0
1188,36,62,10895,11045,15,0,0,0
1189,36,62,12335,12485,92,0,0,0
1190,16,50,8245,8450,57,0,0,0
1191,16,50,9685,9890,57,1,0,0
1192,49,72,7655,7825,70,0,0,0
1193,49,72,9095,9265,134,0,0,0
1194,49,72,10535,10705,131,1,0,0
1195,49,72,11975,12145,26,0,0,0
1196,49,9,9475,9680,91,0,0,0
1197,49,9,12355,12560,36,0,0,0
1198,62,36,8045,8190,83,0,0,0
1199,62,36,9485,9630,73,0,0,0
1200,62,36,10925,11070,51,0,0,0
1201,62,36,12365,12510,39,0,0,0
1202,69,67,9510,9655,45,0,0,0
1203,69,67,12390,12535,44,0,0,0
1204,49,48,7920,8080,108,0,0,0
1205,49,48,9360,9520,54,0,0,0
1206,49,48,10800,10960,109,1,0,0
1207,49,48,12240,12400,33,0,0,0
1208,48,49,10790,10965,30,1,0,0
1209,48,49,12230,12405,80,0,0,0
1210,52,46,8110,8250,17,0,0,0
1211,52,46,9550,9690,87,0,0,0
1212,52,46,10990,11130,113,0,0,0
1213,52,46,12430,12570,87,0,0,0
1214,67,33,10565,10650,4,0,0,0
1215,33,49,11125,11225,4,0,0,0
1216,67,33,12005,12090,127,0,0,0
1217,48,49,8140,8305,108,0,0,0
1218,48,49,9580,9745,54,1,0,0
1219,48,49,11020,11185,52,0,0,0
1220,48,49,12460,12625,33,0,0,0
1221,33,49,12135,12240,127,0,0,0
1222,67,33,7685,7770,128,0,0,0
1223,67,33,9125,9210,140,0,0,0
1224,46,52,8050,8195,87,0,0,0
1225,46,52,10930,11075,87,0,0,0
1226,46,52,12370,12515,112,0,0,0
1227,49,68,8040,8165,41,0,0,0
1228,49,68,9480,9605,19,0,0,0
1229,49,68,11245,11370,82,0,0,0
1230,49,68,12360,12485,75,0,0,0
1231,33,49,7815,7915,128,0,0,0
1232,33,49,9255,9360,140,0,0,0
1233,52,22,8280,8580,87,0,0,0
1234,52,22,11160,11460,87,0,0,0
1235,52,22,12600,12900,112,0,0,0
1236,46,52,9490,9635,113,0,0,0
1237,22,52,7760,8050,17,0,0,0
1238,22,52,9200,9490,87,0,0,0
1239,22,52,10640,10930,113,0,0,0
1240,22,52,12080,12370,87,0,0,0
1241,49,33,7610,7720,132,0,0,0
1242,49,33,9050,9160,5,0,0,0
1243,49,33,10490,10600,124,1,0,0
1244,49,33,11930,12040,67,0,0,0
1245,52,22,9720,10020,113,0,0,0
1246,49,48,10565,10725,30,1,0,0
1247,49,48,12005,12170,80,0,0,0
1248,50,67,10510,10670,44,1,0,0
1249,67,50,9715,9860,45,1,0,0
1250,67,50,12595,12740,44,0,0,0
1251,67,69,10735,10900,45,0,0,0
1252,33,67,7765,7845,132,0,0,0
1253,33,67,9205,9285,5,0,0,0
1254,33,67,10645,10725,77,0,0,0
1255,33,67,12085,12165,67,0,0,0
1256,66,49,11290,11380,128,0,0,0
1257,66,49,12080,12170,134,0,0,0
1258,62,49,9435,9545,56,1,0,0
1259,66,49,9200,9300,54,0,0,0
1260,61,7,11150,11245,99,0,0,0
1261,68,49,11125,11250,12,0,0,0
1262,68,49,12535,12655,75,0,0,0
1263,66,49,7760,7850,54,0,0,0
1264,68,49,8215,8335,41,0,0,0
1265,68,49,9655,9775,19,1,0,0
1266,50,62,7680,7765,81,0,0,0
1267,50,62,9120,9205,39,0,0,0
1268,50,62,10560,10645,117,1,0,0
1269,50,62,12000,12085,111,0,0,0
1270,50,62,8065,8150,10,0,0,0
1271,50,62,9505,9590,142,0,0,0
1272,50,62,11200,11285,100,0,0,0
1273,50,62,12385,12470,139,0,0,0
1274,49,68,7700,7830,133,0,0,0
1275,49,68,9140,9270,88,0,0,0
1276,49,68,10580,10710,140,1,0,0
1277,49,68,12020,12150,93,0,0,0
1278,62,50,7830,7915,81,0,0,0
1279,62,50,9270,9355,39,0,0,0
1280,62,50,11430,11515,96,0,0,0
1281,62,50,12150,12235,111,0,0,0
1282,57,49,8265,8375,109,0,0,0
1283,57,49,9705,9815,18,1,0,0
1284,57,49,11145,11255,131,0,0,0
1285,57,49,12585,12695,102,0,0,0
1286,62,50,11320,11420,68,0,0,0
1287,62,50,8230,8330,69,0,0,0
1288,62,50,9670,9770,15,1,0,0
1289,62,50,12550,12650,92,0,0,0
1290,68,49,10755,10885,102,1,0,0
1291,49,66,7610,7705,54,0,0,0
1292,49,66,9050,9145,54,0,0,0
1293,49,66,10490,10585,107,1,0,0
1294,49,66,11930,12025,134,0,0,0
1295,49,62,7795,7905,67,0,0,0
1296,49,62,9235,9345,56,1,0,0
1297,49,62,10675,10785,56,1,0,0
1298,49,62,12115,12225,77,0,0,0
1299,62,49,7995,8105,67,0,0,0
1300,62,49,10990,11100,112,0,0,0
1301,62,49,12315,12425,77,0,0,0
1302,50,5,8300,8395,66,0,0,0
1303,5,50,8455,8545,66,0,0,0
1304,20,49,9180,9475,118,0,0,0
1305,20,49,12060,12360,13,0,0,0
1306,49,27,8360,8535,112,0,0,0
1307,49,27,9800,9975,97,1,0,0
1308,49,27,11240,11415,89,0,0,0
1309,49,27,12680,12855,118,0,0,0
1310,50,22,7800,8085,115,0,0,0
1311,50,22,9240,9525,105,0,0,0
1312,50,22,10680,10965,108,1,0,0
1313,50,22,12120,12405,124,0,0,0
1314,49,27,9550,9715,118,0,0,0
1315,49,27,12430,12595,13,0,0,0
1316,78,52,7785,7915,112,0,0,0
1317,78,52,9225,9355,97,0,0,0
1318,78,52,10665,10795,89,0,0,0
1319,78,52,12105,12235,15,0,0,0
1320,27,49,7805,7975,97,0,0,0
1321,27,49,9245,9415,89,0,0,0
1322,27,49,10685,10855,118,1,0,0
1323,27,49,12125,12300,118,0,0,0
1324,22,50,8235,8510,104,0,0,0
1325,22,50,11115,11390,16,0,0,0
1326,22,50,9675,9950,16,1,0,0
1327,22,50,12555,12830,105,0,0,0
1328,49,15,8040,8120,97,0,0,0
1329,49,15,9480,9560,89,0,0,0
1330,49,15,10920,11000,118,1,0,0
1331,49,15,12360,12440,118,0,0,0
1332,37,49,8050,8175,118,0,0,0
1333,37,49,11010,11135,13,0,0,0
1334,27,49,12365,12535,115,0,0,0
1335,49,20,12595,12900,115,0,0,0
1336,49,20,8260,8580,118,0,0,0
1337,49,20,11225,11545,13,0,0,0
1338,27,49,9485,9655,111,1,0,0
1339,7,61,11305,11405,85,0,0,0
1340,49,20,9715,10020,111,1,0,0
1341,15,49,8180,8260,112,0,0,0
1342,15,49,9620,9700,97,1,0,0
1343,15,49,11060,11140,89,0,0,0
1344,15,49,12500,12580,118,0,0,0
1345,52,78,12685,12810,15,0,0,0
1346,16,50,9915,10115,122,1,0,0
1347,49,22,9710,9970,8,1,0,0
1348,49,22,12590,12850,8,0,0,0
1349,21,50,7680,7960,110,0,0,0
1350,50,7,9180,9265,104,0,0,0
1351,50,7,12060,12145,16,0,0,0
1352,20,49,7740,8035,16,0,0,0
1353,20,49,10620,10915,12,1,0,0
1354,50,21,8355,8610,116,0,0,0
1355,50,21,11235,11490,130,0,0,0
1356,50,21,12675,12930,106,0,0,0
1357,22,49,9175,9435,14,0,0,0
1358,22,49,12055,12315,129,0,0,0
1359,49,37,8110,8250,16,0,0,0
1360,49,37,11300,11440,12,0,0,0
1361,49,78,9495,9675,14,0,0,0
1362,49,78,12375,12555,129,0,0,0
1363,52,15,7975,8110,112,0,0,0
1364,52,15,9415,9550,97,0,0,0
1365,52,15,10855,10990,89,0,0,0
1366,52,15,12295,12430,15,0,0,0
1367,49,10,8155,8325,68,0,0,0
1368,49,10,9595,9765,92,0,0,0
1369,49,10,11035,11205,71,1,0,0
1370,49,10,12475,12645,132,0,0,0
1371,50,21,9795,10050,110,1,0,0
1372,50,16,8090,8305,135,0,0,0
1373,50,16,9640,9855,122,1,0,0
1374,50,16,11155,11370,136,0,0,0
1375,50,16,12520,12735,126,0,0,0
1376,21,50,9120,9400,116,0,0,0
1377,21,50,10560,10840,110,1,0,0
1378,21,50,12000,12280,130,0,0,0
1379,15,52,8175,8305,97,0,0,0
1380,15,52,9615,9745,89,0,0,0
1381,15,52,11055,11185,97,0,0,0
1382,15,52,12495,12625,15,0,0,0
1383,10,49,9825,10000,67,1,0,0
1384,10,49,11265,11440,92,0,0,0
1385,10,49,8385,8560,68,0,0,0
1386,10,49,12705,12880,132,0,0,0
1387,16,50,11420,11640,136,0,0,0
1388,16,50,8375,8595,135,0,0,0
1389,16,50,12795,12995,126,0,0,0
1390,52,78,8365,8490,97,0,0,0
1391,52,78,9805,9930,89,0,0,0
1392,52,78,11245,11370,97,0,0,0
1393,78,49,9445,9625,8,1,0,0
1394,78,49,12325,12505,8,0,0,0
1395,6,50,9885,9970,38,1,0,0
1396,6,50,11325,11410,124,0,0,0
1397,7,32,11310,11460,101,0,0,0
1398,6,50,8445,8530,101,0,0,0
1399,6,50,12765,12850,65,0,0,0
1400,49,18,8290,8600,18,0,0,0
1401,49,18,9730,10040,7,1,0,0
1402,49,18,11190,11500,8,0,0,0
1403,49,18,12610,12920,7,0,0,0
1404,49,6,8210,8325,107,0,0,0
1405,49,6,9670,9765,36,1,0,0
1406,49,6,11160,11275,124,0,0,0
1407,49,6,12530,12645,49,0,0,0
1408,52,7,7750,7860,75,0,0,0
1409,7,52,7920,8030,75,0,0,0
1410,49,7,9165,9265,107,0,0,0
1411,49,7,12045,12145,75,0,0,0
1412,6,49,9825,9925,36,1,0,0
1413,6,49,11315,11415,122,0,0,0
1414,6,49,12705,12805,49,0,0,0
1415,49,7,7725,7825,59,0,0,0
1416,49,7,11155,11255,85,0,0,0
1417,18,49,7230,7570,108,0,0,0
1418,18,49,8670,9010,18,0,0,0
1419,18,49,11550,11890,8,0,0,0
1420,18,49,10110,10450,7,1,0,0
1421,6,49,8385,8485,107,0,0,0
1422,7,49,9325,9410,107,0,0,0
1423,7,49,11360,11445,7,0,0,0
1424,7,49,12205,12300,75,0,0,0
1425,50,7,7740,7825,10,0,0,0
1426,50,7,11175,11260,101,0,0,0
1427,50,6,8305,8385,101,0,0,0
1428,50,6,11185,11265,122,0,0,0
1429,50,6,12625,12705,65,0,0,0
1430,7,49,7885,7970,59,0,0,0
1431,7,50,7885,7990,10,0,0,0
1432,7,50,9325,9430,104,0,0,0
1433,7,50,11295,11400,99,0,0,0
1434,7,50,12205,12310,16,0,0,0
1435,50,6,9745,9825,38,1,0,0
1436,32,7,11160,11310,7,0,0,0
1437,25,66,7610,7765,73,0,0,0
1438,50,8,9200,9400,80,0,0,0
1439,50,8,10640,10840,55,1,0,0
1440,50,8,7760,7960,80,0,0,0
1441,50,8,12080,12280,53,0,0,0
1442,8,50,8035,8265,80,0,0,0
1443,8,50,10915,11145,80,0,0,0
1444,8,50,12355,12585,53,0,0,0
1445,8,50,9475,9705,80,1,0,0
1446,50,20,11155,11490,139,0,0,0
1447,20,50,10585,10900,111,1,0,0
1448,61,11,11160,11310,19,0,0,0
1449,61,11,9460,9610,85,0,0,0
1450,11,61,9670,9810,85,1,0,0
1451,11,61,11350,11490,112,0,0,0
1452,50,3,9195,10075,138,0,0,0
1453,50,3,12075,12955,138,0,0,0
1454,3,50,10195,11125,138,0,0,0
1455,15,61,8260,8345,85,0,0,0
1456,15,61,12580,12665,116,0,0,0
1457,15,61,9700,9785,17,1,0,0
1458,15,61,11140,11225,86,0,0,0
1459,61,15,8100,8195,85,0,0,0
1460,61,15,9540,9635,86,0,0,0
1461,61,15,10980,11075,17,1,0,0
1462,61,15,12420,12515,116,0,0,0
1463,49,12,10610,10780,106,1,0,0
1464,12,49,10955,11125,95,0,0,0
1465,13,49,11710,11890,10,0,0,0
1466,50,19,9490,9695,104,1,0,0
1467,50,19,12370,12575,16,0,0,0
1468,19,50,9755,9960,104,1,0,0
1469,49,13,11280,11480,10,0,0,0
1470,19,50,12635,12840,16,0,0,0
1471,78,50,9160,9345,57,0,0,0
1472,78,50,12040,12225,141,0,0,0
1473,78,50,10600,10785,58,1,0,0
1474,78,50,7720,7905,57,0,0,0
1475,21,49,9590,9850,11,1,0,0
1476,21,49,11030,11290,11,0,0,0
1477,52,49,7685,7775,6,0,0,0
1478,52,49,9125,9215,11,0,0,0
1479,52,49,10565,10655,11,1,0,0
1480,52,49,12005,12095,11,0,0,0
1481,49,52,8470,8560,6,0,0,0
1482,49,52,9910,10000,11,1,0,0
1483,49,52,11350,11440,11,0,0,0
1484,49,52,12790,12880,11,0,0,0
1485,49,21,9275,9530,11,0,0,0
1486,49,21,10715,10970,11,1,0,0
1487,50,78,8510,8655,57,0,0,0
1488,50,78,9950,10095,57,1,0,0
1489,50,78,12830,12975,141,0,0,0
1490,50,78,11390,11535,141,0,0,0
1491,61,12,7890,8055,86,0,0,0
1492,61,12,12210,12375,142,0,0,0
1493,12,61,12435,12600,142,0,0,0
1494,12,61,8115,8280,86,0,0,0
1495,50,60,8045,8170,110,0,0,0
1496,50,60,9485,9610,116,0,0,0
1497,50,60,11150,11275,81,0,0,0
1498,50,60,12365,12490,130,0,0,0
1499,60,50,8165,8290,116,0,0,0
1500,60,50,9605,9730,110,1,0,0
1501,60,50,11045,11170,130,0,0,0
1502,60,50,12485,12610,106,0,0,0
1503,50,12,9180,9360,95,0,0,0
1504,12,50,9420,9590,95,1,0,0
1505,9,50,11185,11365,91,0,0,0
1506,9,50,8305,8485,55,0,0,0
1507,33,50,8515,8625,80,0,0,0
1508,33,50,11395,11505,135,0,0,0
1509,50,9,8075,8245,55,0,0,0
1510,50,9,10955,11125,111,1,0,0
1511,50,33,8360,8470,80,0,0,0
1512,50,33,11240,11350,135,0,0,0
1513,15,50,11325,11420,46,0,0,0
1514,15,50,8270,8365,46,0,0,0
1515,50,15,8110,8210,46,0,0,0
1516,50,15,11175,11275,46,0,0,0
1517,60,52,8490,8605,119,0,0,0
1518,60,52,9930,10045,83,0,0,0
1519,60,52,11370,11485,73,0,0,0
1520,60,52,12810,12925,9,0,0,0
1521,52,60,7680,7790,140,0,0,0
1522,52,60,9120,9230,62,0,0,0
1523,52,60,10560,10670,102,0,0,0
1524,52,60,12000,12110,82,0,0,0
1525,60,77,7840,7970,140,0,0,0
1526,60,77,9280,9400,62,0,0,0
1527,60,77,10720,10850,102,0,0,0
1528,60,77,12160,12280,82,0,0,0
1529,77,60,8320,8440,119,0,0,0
1530,77,60,9760,9880,83,0,0,0
1531,77,60,11200,11320,73,0,0,0
1532,77,60,12640,12760,9,0,0,0
1533,77,54,8280,8425,114,0,0,0
1534,77,54,11160,11305,70,0,0,0
1535,50,54,7900,8035,114,0,0,0
1536,50,54,10780,10915,95,1,0,0
1537,50,54,12220,12355,70,0,0,0
1538,54,50,8480,8605,114,0,0,0
1539,54,50,11360,11485,70,0,0,0
1540,77,54,12600,12745,70,0,0,0
1541,54,50,12800,12925,70,0,0,0
1542,54,77,8100,8235,114,0,0,0
1543,54,77,10990,11125,36,0,0,0
1544,54,77,12420,12555,70,0,0,0
1545,58,78,9285,9395,8,0,0,0
1546,58,78,12165,12275,8,0,0,0
1547,49,58,7695,7795,13,0,0,0
1548,49,58,10575,10675,93,1,0,0
1549,58,78,7845,7955,13,0,0,0
1550,58,78,10725,10835,14,0,0,0
1551,78,58,9765,9875,14,0,0,0
1552,78,58,12645,12755,129,0,0,0
1553,58,49,9920,10015,14,1,0,0
1554,58,49,12800,12895,129,0,0,0
1555,78,58,11420,11530,97,0,0,0
1556,58,49,11795,11890,97,0,0,0
1557,78,58,8325,8435,19,0,0,0
1558,49,58,9135,9235,8,0,0,0
1559,49,58,12015,12115,8,0,0,0
1560,58,49,8480,8575,19,0,0,0
1561,63,25,8510,8655,91,0,0,0
1562,63,25,10180,10325,9,0,0,0
1563,63,25,12830,12975,19,0,0,0
1564,25,63,7595,7745,64,0,0,0
1565,25,63,9025,9175,91,0,0,0
1566,25,63,10465,10615,107,0,0,0
1567,49,53,7675,7775,41,0,0,0
1568,49,53,10555,10655,42,1,0,0
1569,49,53,11995,12095,42,0,0,0
1570,53,49,10715,10800,42,1,0,0
1571,53,49,7835,7920,41,0,0,0
1572,53,49,12155,12240,42,0,0,0
1573,67,32,8485,8580,83,0,0,0
1574,67,32,11365,11460,38,0,0,0
1575,67,32,12805,12900,39,0,0,0
1576,36,52,8525,8650,61,0,0,0
1577,36,52,9965,10090,102,0,0,0
1578,36,52,11405,11530,98,0,0,0
1579,36,52,12845,12970,52,0,0,0
1580,41,50,8515,8635,39,0,0,0
1581,41,50,11395,11515,121,0,0,0
1582,52,34,7655,7810,129,0,0,0
1583,52,34,9095,9250,61,0,0,0
1584,52,34,11975,12130,140,0,0,0
1585,52,36,7835,7985,76,0,0,0
1586,52,36,9275,9425,129,0,0,0
1587,52,36,10715,10865,75,0,0,0
1588,52,36,12155,12305,73,0,0,0
1589,34,52,7855,7995,129,0,0,0
1590,34,52,9295,9435,61,0,0,0
1591,34,52,12175,12315,140,0,0,0
1592,50,41,8345,8470,39,0,0,0
1593,50,41,11225,11350,121,0,0,0
1594,61,66,7630,7715,79,0,0,0
1595,61,66,11155,11240,128,0,0,0
1596,61,66,11950,12035,85,0,0,0
1597,61,66,9070,9155,51,0,0,0
1598,61,66,7620,7705,52,0,0,0
1599,61,66,9060,9145,79,0,0,0
1600,61,66,10500,10585,51,1,0,0
1601,61,66,11940,12025,142,0,0,0
1602,50,62,8190,8275,30,0,0,0
1603,50,62,11190,11275,75,0,0,0
1604,50,62,12510,12595,31,0,0,0
1605,66,61,7765,7860,79,0,0,0
1606,66,61,9205,9300,51,0,0,0
1607,66,61,10645,10740,86,1,0,0
1608,66,61,12085,12180,85,0,0,0
1609,66,61,9190,9285,79,0,0,0
1610,66,61,11005,11100,127,0,0,0
1611,66,61,12070,12165,142,0,0,0
1612,62,50,8335,8425,95,0,0,0
1613,62,50,11310,11400,111,0,0,0
1614,62,50,12655,12745,41,0,0,0
1615,66,61,7750,7845,52,0,0,0
1616,52,72,9130,9305,38,0,0,0
1617,52,72,10570,10745,120,0,0,0
1618,52,72,12010,12185,98,0,0,0
1619,50,51,9595,9680,98,0,0,0
1620,51,67,10210,10325,98,0,0,0
1621,52,72,7690,7865,120,0,0,0
1622,67,52,8370,8510,38,0,0,0
1623,67,52,9810,9950,61,0,0,0
1624,67,52,11370,11510,43,0,0,0
1625,67,52,12690,12830,83,0,0,0
1626,72,52,9370,9545,94,0,0,0
1627,72,52,10810,10985,134,0,0,0
1628,72,52,12250,12425,98,0,0,0
1629,67,51,9150,9265,137,0,0,0
1630,51,50,9310,9385,137,0,0,0
1631,72,52,7930,8105,120,0,0,0
1632,71,38,11270,11365,39,0,0,0
1633,38,50,11425,11510,39,0,0,0
1634,71,38,9830,9925,39,0,0,0
1635,50,38,9515,9615,39,0,0,0
1636,50,38,10955,11055,16,1,0,0
1637,38,50,9985,10070,39,1,0,0
1638,38,71,9685,9785,39,0,0,0
1639,38,71,11125,11225,39,0,0,0
1640,52,67,8165,8310,38,0,0,0
1641,52,67,9605,9750,61,0,0,0
1642,52,67,11045,11190,48,0,0,0
1643,52,67,12485,12630,83,0,0,0
1644,61,72,8240,8410,113,0,0,0
1645,61,72,9680,9850,100,1,0,0
1646,61,72,11155,11325,142,0,0,0
1647,61,72,12560,12730,114,0,0,0
1648,72,61,8470,8635,113,0,0,0
1649,49,67,8110,8260,56,0,0,0
1650,49,67,9550,9700,92,1,0,0
1651,49,67,11165,11315,38,0,0,0
1652,49,67,12430,12580,108,0,0,0
1653,32,72,8210,8320,129,0,0,0
1654,32,72,9650,9760,139,0,0,0
1655,32,72,11090,11200,61,0,0,0
1656,32,72,12530,12640,140,0,0,0
1657,52,68,8050,8195,49,0,0,0
1658,52,68,9490,9635,34,0,0,0
1659,52,68,10930,11075,12,0,0,0
1660,52,68,12370,12515,34,0,0,0
1661,52,32,8055,8155,129,0,0,0
1662,52,32,9495,9595,139,0,0,0
1663,52,32,10935,11035,61,0,0,0
1664,52,32,12375,12475,140,0,0,0
1665,72,32,8380,8490,129,0,0,0
1666,72,32,9820,9930,139,0,0,0
1667,72,32,11260,11370,61,0,0,0
1668,72,32,12700,12810,140,0,0,0
1669,67,49,8325,8470,56,0,0,0
1670,67,49,11290,11435,1,0,0,0
1671,67,49,12645,12790,108,0,0,0
1672,32,52,8540,8635,129,0,0,0
1673,32,52,9980,10075,139,0,0,0
1674,32,52,11420,11515,61,0,0,0
1675,32,52,12860,12955,140,0,0,0
1676,67,49,9765,9910,92,1,0,0
1677,72,61,9910,10075,100,1,0,0
1678,72,61,12790,12955,114,0,0,0
1679,72,61,11375,11540,142,0,0,0
1680,27,46,7670,7790,137,0,0,0
1681,61,68,8110,8240,51,0,0,0
1682,61,68,12430,12560,56,0,0,0
1683,27,46,10550,10670,133,0,0,0
1684,46,67,7865,7955,137,0,0,0
1685,46,67,10745,10835,133,0,0,0
1686,38,48,8165,8295,60,0,0,0
1687,38,48,9605,9735,49,0,0,0
1688,38,48,11045,11175,34,0,0,0
1689,38,48,12485,12615,58,0,0,0
1690,68,61,8290,8410,51,0,0,0
1691,68,61,12610,12730,56,0,0,0
1692,52,68,9105,9250,6,0,0,0
1693,52,68,10545,10690,63,0,0,0
1694,52,68,11985,12130,108,0,0,0
1695,67,46,8020,8115,137,0,0,0
1696,67,46,10900,10995,77,0,0,0
1697,48,38,8355,8485,60,0,0,0
1698,48,38,9795,9925,49,0,0,0
1699,48,38,11235,11365,34,0,0,0
1700,46,27,8175,8285,137,0,0,0
1701,46,27,11055,11165,77,0,0,0
1702,68,52,8240,8370,49,0,0,0
1703,68,52,9680,9810,34,0,0,0
1704,68,52,11420,11550,82,0,0,0
1705,68,52,12560,12690,34,0,0,0
1706,67,46,9460,9555,4,0,0,0
1707,67,46,12340,12435,62,0,0,0
1708,38,52,8550,8625,60,0,0,0
1709,38,52,9990,10065,49,0,0,0
1710,38,52,11430,11505,34,0,0,0
1711,68,52,9325,9470,88,0,0,0
1712,68,52,10765,10910,63,0,0,0
1713,68,52,12205,12350,93,0,0,0
1714,27,46,9110,9230,4,0,0,0
1715,27,46,11990,12110,62,0,0,0
1716,48,38,12675,12805,58,0,0,0
1717,46,27,9615,9730,4,0,0,0
1718,46,27,12495,12610,62,0,0,0
1719,38,52,12870,12945,58,0,0,0
1720,46,67,9305,9395,4,0,0,0
1721,46,67,12185,12275,62,0,0,0
1722,52,38,8000,8095,60,0,0,0
1723,52,38,9440,9535,49,0,0,0
1724,52,38,10880,10975,34,0,0,0
1725,52,38,12320,12415,58,0,0,0
1726,70,32,12645,12745,42,0,0,0
1727,52,67,8430,8575,49,0,0,0
1728,52,67,10180,10325,69,0,0,0
1729,52,67,11310,11455,32,0,0,0
1730,52,67,12750,12895,34,0,0,0
1731,32,49,12805,12895,42,0,0,0
1732,67,74,9325,9425,32,0,0,0
1733,67,74,12205,12305,43,0,0,0
1734,70,32,8325,8425,43,0,0,0
1735,52,67,9115,9265,32,0,0,0
1736,52,67,11995,12145,43,0,0,0
1737,67,52,7725,7860,60,0,0,0
1738,67,52,9165,9300,49,0,0,0
1739,67,52,10605,10740,12,0,0,0
1740,67,52,12045,12180,58,0,0,0
1741,52,67,7675,7825,32,0,0,0
1742,32,49,8485,8580,43,0,0,0
1743,61,68,9100,9225,86,0,0,0
1744,27,67,8345,8505,137,0,0,0
1745,27,67,9785,9945,4,0,0,0
1746,27,67,11430,11590,17,0,0,0
1747,27,67,12665,12825,72,0,0,0
1748,49,32,7985,8095,43,0,0,0
1749,49,32,12305,12415,42,0,0,0
1750,61,68,10540,10670,87,1,0,0
1751,32,70,8150,8260,43,0,0,0
1752,32,70,12470,12580,42,0,0,0
1753,67,27,7695,7840,127,0,0,0
1754,67,27,9135,9280,72,0,0,0
1755,67,27,10575,10720,69,0,0,0
1756,67,27,12015,12160,120,0,0,0
1757,68,61,9290,9410,86,0,0,0
1758,68,61,10990,11110,19,0,0,0
1759,50,68,8265,8405,33,0,0,0
1760,50,68,12585,12725,74,0,0,0
1761,32,67,7815,7900,111,0,0,0
1762,32,67,9255,9340,82,0,0,0
1763,32,67,10695,10780,128,0,0,0
1764,32,67,12135,12220,79,0,0,0
1765,67,32,9425,9515,82,0,0,0
1766,67,32,10865,10955,128,0,0,0
1767,67,32,12305,12395,79,0,0,0
1768,68,50,12790,12925,74,0,0,0
1769,67,74,7885,7985,32,0,0,0
1770,74,67,8050,8130,32,0,0,0
1771,74,67,10930,11010,32,0,0,0
1772,32,61,9570,9655,82,1,0,0
1773,32,61,11020,11105,128,0,0,0
1774,32,61,12450,12535,79,0,0,0
1775,67,52,8195,8330,32,0,0,0
1776,67,52,11075,11210,32,0,0,0
1777,67,32,7985,8075,111,0,0,0
1778,32,61,8130,8215,111,0,0,0
1779,61,32,7665,7760,111,0,0,0
1780,61,32,9105,9200,82,0,0,0
1781,61,32,10545,10640,52,1,0,0
1782,61,32,11985,12080,79,0,0,0
1783,68,50,8470,8605,33,0,0,0
1784,61,62,8370,8460,96,0,0,0
1785,61,62,9810,9900,86,1,0,0
1786,61,62,11275,11365,86,0,0,0
1787,61,62,12690,12780,81,0,0,0
1788,60,52,9670,9775,116,0,0,0
1789,52,61,9850,9930,116,1,0,0
1790,60,52,8230,8335,110,0,0,0
1791,60,52,12550,12655,130,0,0,0
1792,62,61,9960,10060,86,1,0,0
1793,62,61,11400,11500,56,0,0,0
1794,52,61,8410,8490,110,0,0,0
1795,52,61,12730,12810,130,0,0,0
1796,60,52,11325,11430,81,0,0,0
1797,62,61,8520,8620,96,0,0,0
1798,62,61,12840,12940,81,0,0,0
1799,52,61,11480,11560,81,0,0,0
1800,61,52,7830,7915,116,0,0,0
1801,61,52,9270,9355,110,0,0,0
1802,61,52,10710,10795,91,1,0,0
1803,61,52,12150,12235,106,0,0,0
1804,52,60,7990,8105,116,0,0,0
1805,52,60,9430,9545,110,0,0,0
1806,52,60,10870,10985,130,0,0,0
1807,52,60,12310,12425,106,0,0,0
1808,49,54,7740,7875,95,0,0,0
1809,49,54,9180,9315,36,0,0,0
1810,49,54,10620,10755,74,1,0,0
1811,61,62,7950,8050,100,0,0,0
1812,61,62,9390,9490,51,0,0,0
1813,61,62,11160,11260,111,0,0,0
1814,61,62,12270,12370,85,0,0,0
1815,49,54,12055,12195,132,0,0,0
1816,54,49,7920,8065,95,0,0,0
1817,54,49,10800,10945,74,1,0,0
1818,54,49,12240,12385,132,0,0,0
1819,62,61,8115,8215,100,0,0,0
1820,62,61,12435,12535,85,0,0,0
1821,54,49,9360,9505,36,1,0,0
1822,62,61,9555,9655,51,1,0,0
1823,62,61,11005,11105,142,0,0,0
1824,68,50,8305,8435,31,0,0,0
1825,35,61,10005,10075,52,1,0,0
1826,48,35,8410,8520,79,0,0,0
1827,35,61,8565,8635,79,0,0,0
1828,61,35,8110,8180,79,0,0,0
1829,61,35,9550,9620,52,0,0,0
1830,61,35,10990,11060,62,1,0,0
1831,47,68,11045,11135,31,0,0,0
1832,68,50,11185,11315,31,0,0,0
1833,35,48,8225,8345,79,0,0,0
1834,35,48,9665,9785,52,0,0,0
1835,35,48,11105,11225,114,0,0,0
1836,61,67,9845,10005,96,1,0,0
1837,61,67,11420,11580,127,0,0,0
1838,50,68,12145,12295,40,0,0,0
1839,61,67,8405,8565,65,0,0,0
1840,61,67,12725,12885,85,0,0,0
1841,68,47,12340,12430,40,0,0,0
1842,67,61,9895,10040,62,1,0,0
1843,48,35,11290,11400,114,0,0,0
1844,50,68,9265,9415,31,0,0,0
1845,68,47,9460,9550,31,0,0,0
1846,67,61,11335,11480,51,0,0,0
1847,35,61,11445,11515,114,0,0,0
1848,47,68,8165,8255,31,0,0,0
1849,67,61,8455,8600,82,0,0,0
1850,67,61,12775,12920,37,0,0,0
1851,48,35,9850,9960,54,0,0,0
1852,49,33,8330,8430,130,0,0,0
1853,49,33,9590,9690,77,0,0,0
1854,49,33,11210,11310,125,0,0,0
1855,49,33,12650,12750,133,0,0,0
1856,33,49,8480,8575,130,0,0,0
1857,33,49,11360,11455,125,0,0,0
1858,33,49,12800,12895,133,0,0,0
1859,33,49,9920,10015,77,1,0,0
1860,46,27,8465,8580,102,0,0,0
1861,46,27,11450,11565,52,0,0,0
1862,27,36,8265,8465,61,0,0,0
1863,27,36,9705,9905,102,0,0,0
1864,27,36,11145,11345,98,0,0,0
1865,27,36,12585,12785,52,0,0,0
1866,49,38,7995,8095,128,0,0,0
1867,49,38,9435,9535,59,0,0,0
1868,49,38,10875,10975,121,1,0,0
1869,38,44,8155,8280,128,0,0,0
1870,38,44,9595,9720,59,0,0,0
1871,38,44,11035,11160,59,0,0,0
1872,36,27,8415,8600,89,0,0,0
1873,36,27,12735,12920,47,0,0,0
1874,31,61,7915,7990,51,0,0,0
1875,31,61,9355,9430,52,0,0,0
1876,31,61,11035,11110,111,0,0,0
1877,31,61,12235,12310,56,0,0,0
1878,52,31,7750,7880,34,0,0,0
1879,52,31,9190,9320,75,0,0,0
1880,52,31,10630,10760,88,0,0,0
1881,52,31,12070,12200,60,0,0,0
1882,25,42,7615,7880,5,0,0,0
1883,25,42,9055,9320,133,0,0,0
1884,25,42,10495,10760,103,0,0,0
1885,25,42,11935,12200,71,0,0,0
1886,36,67,8260,8395,83,0,0,0
1887,67,36,7700,7830,117,0,0,0
1888,67,36,9140,9270,65,0,0,0
1889,67,36,10580,10710,98,0,0,0
1890,67,36,12020,12150,65,0,0,0
1891,36,67,9700,9835,73,0,0,0
1892,36,67,11140,11275,51,0,0,0
1893,36,67,12580,12715,39,0,0,0
1894,42,25,8425,8650,133,0,0,0
1895,42,25,9865,10090,127,0,0,0
1896,42,25,11405,11630,71,0,0,0
1897,42,25,12745,12970,1,0,0,0
1898,31,52,9395,9525,75,0,0,0
1899,31,52,10835,10965,88,0,0,0
1900,31,52,12275,12405,60,0,0,0
1901,31,52,7955,8085,34,0,0,0
1902,61,31,7770,7855,51,0,0,0
1903,61,31,9210,9295,52,0,0,0
1904,61,31,10650,10735,62,1,0,0
1905,61,31,12090,12175,56,0,0,0
1906,36,27,9855,10040,129,0,0,0
1907,36,27,11330,11515,62,0,0,0
1908,52,77,8400,8595,1,0,0,0
1909,52,77,11280,11475,90,0,0,0
1910,52,77,12720,12915,54,0,0,0
1911,41,52,8185,8335,1,0,0,0
1912,41,52,11065,11215,90,0,0,0
1913,41,52,12505,12655,54,0,0,0
1914,52,32,8250,8365,123,0,0,0
1915,52,32,9690,9805,53,0,0,0
1916,52,32,11130,11245,64,0,0,0
1917,52,32,12570,12685,78,0,0,0
1918,32,52,7760,7850,122,0,0,0
1919,32,52,10640,10730,53,0,0,0
1920,52,79,7910,8080,122,0,0,0
1921,52,79,10790,10960,53,0,0,0
1922,26,77,8135,8260,119,0,0,0
1923,26,77,9575,9700,83,0,0,0
1924,26,77,11015,11140,73,0,0,0
1925,26,77,12455,12580,9,0,0,0
1926,67,26,7935,8085,119,0,0,0
1927,67,26,9375,9525,83,0,0,0
1928,67,26,10815,10965,73,0,0,0
1929,67,26,12255,12405,9,0,0,0
1930,32,52,9200,9290,126,0,0,0
1931,32,52,12080,12170,101,0,0,0
1932,52,79,9350,9520,126,0,0,0
1933,52,79,12230,12400,101,0,0,0
1934,77,52,7640,7845,1,0,0,0
1935,77,52,10520,10725,90,0,0,0
1936,77,52,11960,12165,54,0,0,0
1937,77,26,8010,8145,82,0,0,0
1938,77,26,9450,9585,62,0,0,0
1939,77,26,10890,11025,1,0,0,0
1940,77,26,12330,12465,37,0,0,0
1941,79,52,8015,8175,123,0,0,0
1942,79,52,9455,9615,53,0,0,0
1943,79,52,10895,11055,64,0,0,0
1944,79,52,12335,12495,78,0,0,0
1945,52,41,7955,8125,1,0,0,0
1946,52,41,10835,11005,90,0,0,0
1947,52,41,12275,12445,54,0,0,0
1948,26,67,8220,8360,82,0,0,0
1949,26,67,9660,9800,62,0,0,0
1950,26,67,11100,11240,1,0,0,0
1951,26,67,12540,12680,37,0,0,0
1952,57,78,7825,7925,84,0,0,0
1953,57,78,9265,9365,84,0,0,0
1954,57,78,10705,10805,7,0,0,0
1955,57,78,12145,12245,38,0,0,0
1956,27,77,7965,8100,131,0,0,0
1957,27,77,9405,9540,123,0,0,0
1958,27,77,10845,10980,84,0,0,0
1959,27,77,12285,12420,84,0,0,0
1960,76,27,11110,11210,104,0,0,0
1961,27,50,11280,11445,104,0,0,0
1962,78,57,7975,8075,84,0,0,0
1963,78,57,9415,9515,84,0,0,0
1964,78,57,10855,10955,7,0,0,0
1965,78,57,12295,12395,38,0,0,0
1966,76,27,8230,8330,74,0,0,0
1967,76,27,12550,12650,123,0,0,0
1968,57,32,8135,8230,84,0,0,0
1969,57,32,9575,9670,84,0,0,0
1970,57,32,11015,11110,7,0,0,0
1971,57,32,12455,12550,38,0,0,0
1972,50,27,7860,8020,74,0,0,0
1973,27,50,8400,8565,74,0,0,0
1974,27,50,12720,12885,123,0,0,0
1975,50,27,10740,10900,66,1,0,0
1976,50,27,12180,12340,123,0,0,0
1977,32,57,7675,7765,84,0,0,0
1978,32,57,9115,9205,84,0,0,0
1979,32,57,10555,10645,7,0,0,0
1980,32,57,11995,12085,38,0,0,0
1981,32,27,7735,7870,131,0,0,0
1982,32,27,9175,9310,123,0,0,0
1983,32,27,10615,10750,84,0,0,0
1984,32,27,12055,12190,84,0,0,0
1985,27,76,8080,8180,74,0,0,0
1986,27,76,10960,11060,104,0,0,0
1987,27,76,12400,12500,123,0,0,0
1988,27,32,8405,8545,131,0,0,0
1989,27,32,9845,9985,123,0,0,0
1990,27,32,11285,11425,84,0,0,0
1991,27,32,12725,12865,84,0,0,0
1992,76,52,8245,8430,121,0,0,0
1993,76,52,9685,9870,125,0,0,0
1994,76,52,11125,11310,94,0,0,0
1995,76,52,12565,12750,14,0,0,0
1996,52,76,7775,7945,125,0,0,0
1997,52,76,9215,9385,121,0,0,0
1998,52,76,10655,10825,125,0,0,0
1999,52,76,12095,12265,94,0,0,0
2000,52,36,8495,8630,121,0,0,0
2001,52,36,9935,10070,125,0,0,0
2002,52,36,11375,11510,94,0,0,0
2003,52,36,12815,12950,14,0,0,0
2004,77,27,8190,8315,131,0,0,0
2005,77,27,9630,9755,123,0,0,0
2006,77,27,11070,11195,84,0,0,0
2007,77,27,12510,12635,84,0,0,0
2008,36,52,7595,7715,125,0,0,0
2009,36,52,9035,9155,121,0,0,0
2010,36,52,10475,10595,125,0,0,0
2011,36,52,11915,12035,94,0,0,0
2012,59,78,10825,10955,79,1,0,0
2013,59,78,12265,12395,113,0,0,0
2014,78,59,12445,12565,113,0,0,0
2015,77,37,10945,11135,50,0,0,0
2016,77,37,12385,12575,5,0,0,0
2017,59,61,12630,12735,113,0,0,0
2018,37,50,11195,11310,50,0,0,0
2019,37,50,12635,12750,5,0,0,0
2020,78,59,11005,11125,14,0,0,0
2021,77,37,8065,8255,142,0,0,0
2022,37,50,8315,8430,142,0,0,0
2023,77,37,9505,9695,136,0,0,0
2024,59,61,11190,11295,14,0,0,0
2025,37,50,9755,9870,136,1,0,0
2026,50,37,7680,7805,142,0,0,0
2027,50,37,9120,9245,136,0,0,0
2028,50,37,10560,10685,47,1,0,0
2029,50,37,12000,12125,5,0,0,0
2030,61,59,10660,10760,79,1,0,0
2031,61,59,12100,12200,113,0,0,0
2032,37,77,7865,8020,142,0,0,0
2033,37,77,9305,9460,136,0,0,0
2034,37,77,10745,10900,70,0,0,0
2035,37,77,12185,12340,5,0,0,0
2036,77,65,8030,8155,140,0,0,0
2037,77,65,10910,11035,102,0,0,0
2038,77,65,12350,12475,82,0,0,0
2039,65,49,8230,8400,140,0,0,0
2040,65,49,11110,11280,102,0,0,0
2041,65,49,12520,12680,82,0,0,0
2042,49,65,11945,12110,37,0,0,0
2043,65,77,12170,12280,37,0,0,0
2044,49,65,7625,7790,82,0,0,0
2045,49,65,10505,10670,81,1,0,0
2046,65,77,7850,7960,82,0,0,0
2047,65,77,10730,10840,1,0,0,0
2048,76,54,8025,8145,125,0,0,0
2049,76,54,9465,9585,128,0,0,0
2050,76,54,10905,11025,108,0,0,0
2051,76,54,12345,12465,128,0,0,0
2052,54,32,8205,8345,125,0,0,0
2053,54,32,9645,9785,128,0,0,0
2054,54,32,11085,11225,108,0,0,0
2055,54,32,12525,12665,128,0,0,0
2056,32,54,7925,8040,121,0,0,0
2057,32,54,9365,9480,125,0,0,0
2058,32,54,10805,10920,94,0,0,0
2059,32,54,12245,12360,14,0,0,0
2060,54,76,8085,8200,121,0,0,0
2061,54,76,9525,9640,125,0,0,0
2062,54,76,10965,11080,94,0,0,0
2063,54,76,12405,12520,14,0,0,0
2064,52,78,8240,8365,75,0,0,0
2065,78,52,8425,8560,75,0,0,0
2066,38,61,9275,9370,63,0,0,0
2067,38,61,11020,11115,118,0,0,0
2068,38,61,12155,12250,89,0,0,0
2069,25,61,10940,11115,9,0,0,0
2070,25,61,7585,7760,100,0,0,0
2071,61,38,9600,9705,17,0,0,0
2072,61,38,11240,11345,118,0,0,0
2073,38,27,9965,10085,17,0,0,0
2074,38,27,11405,11525,118,0,0,0
2075,61,38,8360,8465,111,0,0,0
2076,38,27,8525,8645,111,0,0,0
2077,61,25,11370,11535,14,0,0,0
2078,27,38,9095,9215,63,0,0,0
2079,27,38,10535,10655,118,0,0,0
2080,27,38,11975,12095,89,0,0,0
2081,61,25,9970,10145,63,1,0,0
2082,25,61,11905,12080,106,0,0,0
2083,61,38,7630,7725,113,0,0,0
2084,61,38,9070,9165,100,0,0,0
2085,61,38,10510,10605,116,1,0,0
2086,61,38,11950,12045,81,0,0,0
2087,38,30,7785,7880,113,0,0,0
2088,38,30,9225,9320,100,0,0,0
2089,38,30,10665,10760,41,0,0,0
2090,38,30,12105,12200,81,0,0,0
2091,30,38,7935,8025,113,0,0,0
2092,30,38,9375,9465,100,0,0,0
2093,30,38,10815,10905,99,0,0,0
2094,30,38,12255,12345,81,0,0,0
2095,38,61,8085,8175,113,0,0,0
2096,38,61,9525,9615,100,1,0,0
2097,38,61,11010,11100,99,0,0,0
2098,38,61,12405,12495,81,0,0,0
2099,60,26,7845,7960,136,0,0,0
2100,60,26,9285,9400,47,0,0,0
2101,60,26,10725,10840,126,0,0,0
2102,60,26,12165,12280,97,0,0,0
2103,49,57,9410,9515,131,0,0,0
2104,26,60,8005,8115,141,0,0,0
2105,26,60,9445,9555,37,0,0,0
2106,26,60,10885,10995,82,0,0,0
2107,26,60,12325,12435,136,0,0,0
2108,57,28,9575,9690,131,0,0,0
2109,60,49,8165,8315,141,0,0,0
2110,60,49,9605,9755,142,1,0,0
2111,60,49,11045,11195,82,0,0,0
2112,60,49,12485,12635,136,0,0,0
2113,28,57,9735,9850,131,0,0,0
2114,57,49,9910,10015,131,1,0,0
2115,49,60,7650,7800,136,0,0,0
2116,49,60,9090,9240,47,0,0,0
2117,49,60,10530,10680,5,1,0,0
2118,49,60,11970,12120,97,0,0,0
2119,25,32,7605,7765,121,0,0,0
2120,25,32,9045,9205,125,0,0,0
2121,25,32,10485,10645,94,0,0,0
2122,25,32,11925,12085,14,0,0,0
2123,38,43,7790,7915,11,0,0,0
2124,38,43,9230,9355,119,0,0,0
2125,38,43,10670,10795,116,0,0,0
2126,38,43,12110,12235,88,0,0,0
2127,30,52,11450,11575,140,0,0,0
2128,52,30,8275,8415,120,0,0,0
2129,52,30,11155,11295,134,0,0,0
2130,30,52,8470,8595,120,0,0,0
2131,30,52,9910,10035,75,0,0,0
2132,30,52,12790,12915,88,0,0,0
2133,43,38,7960,8085,11,0,0,0
2134,43,38,9400,9525,119,0,0,0
2135,43,38,10840,10965,116,0,0,0
2136,43,38,12280,12405,88,0,0,0
2137,52,30,9730,9860,75,0,0,0
2138,52,30,12610,12740,88,0,0,0
2139,32,25,8520,8665,125,0,0,0
2140,32,25,10180,10325,103,0,0,0
2141,32,25,11400,11545,64,0,0,0
2142,32,25,12840,12985,128,0,0,0
2143,52,38,7635,7730,11,0,0,0
2144,52,38,9075,9170,119,0,0,0
2145,52,38,10515,10610,116,0,0,0
2146,52,38,11955,12050,88,0,0,0
2147,37,43,7875,7990,65,0,0,0
2148,37,43,9315,9430,96,0,0,0
2149,37,43,12195,12310,51,0,0,0
2150,38,52,8145,8220,11,0,0,0
2151,38,52,9585,9660,119,0,0,0
2152,38,52,11025,11100,116,0,0,0
2153,38,52,12465,12540,88,0,0,0
2154,61,37,7690,7815,65,0,0,0
2155,61,37,9130,9255,96,0,0,0
2156,61,37,12010,12135,51,0,0,0
2157,73,46,8170,8240,103,0,0,0
2158,73,46,11050,11120,42,1,0,0
2159,49,73,12305,12440,50,0,0,0
2160,73,49,8430,8555,103,0,0,0
2161,73,49,12750,12875,50,0,0,0
2162,73,46,12490,12560,50,0,0,0
2163,46,73,11195,11265,44,0,0,0
2164,73,49,11310,11435,44,0,0,0
2165,75,27,8165,8385,139,0,0,0
2166,75,27,9605,9825,120,0,0,0
2167,75,27,11045,11265,117,0,0,0
2168,75,27,12485,12705,117,0,0,0
2169,46,73,8315,8385,103,0,0,0
2170,46,73,12635,12705,50,0,0,0
2171,27,46,8260,8380,102,0,0,0
2172,27,46,11140,11260,42,0,0,0
2173,27,75,7840,8095,139,0,0,0
2174,27,75,9280,9535,120,0,0,0
2175,27,75,10720,10975,49,0,0,0
2176,27,75,12160,12415,117,0,0,0
2177,27,52,8470,8590,139,0,0,0
2178,27,52,9910,10030,120,0,0,0
2179,27,52,11350,11470,117,0,0,0
2180,27,52,12790,12910,117,0,0,0
2181,52,27,7655,7780,139,0,0,0
2182,52,27,9095,9220,120,0,0,0
2183,52,27,10535,10660,49,0,0,0
2184,52,27,11975,12100,117,0,0,0
2185,49,73,7970,8110,103,0,0,0
2186,49,73,10850,10990,42,1,0,0
2187,52,67,7705,7850,38,0,0,0
2188,52,67,9145,9290,60,0,0,0
2189,52,67,10585,10730,83,0,0,0
2190,52,67,12025,12170,83,0,0,0
2191,67,52,7920,8060,38,0,0,0
2192,67,52,9360,9500,60,0,0,0
2193,67,52,10800,10940,83,0,0,0
2194,67,52,12240,12380,83,0,0,0
2195,32,67,7670,7760,119,0,0,0
2196,32,67,9110,9200,83,0,0,0
2197,32,67,11990,12080,9,0,0,0
2198,35,49,9640,9720,43,1,0,0
2199,35,49,11080,11160,54,0,0,0
2200,35,49,12520,12600,103,0,0,0
2201,52,42,8010,8195,4,0,0,0
2202,52,42,9450,9635,127,0,0,0
2203,52,42,10890,11075,72,0,0,0
2204,52,42,12330,12515,137,0,0,0
2205,35,49,8200,8275,93,0,0,0
2206,27,52,7830,7950,4,0,0,0
2207,27,52,9270,9390,127,0,0,0
2208,27,52,10710,10830,72,0,0,0
2209,27,52,12150,12270,137,0,0,0
2210,42,52,9690,9865,133,0,0,0
2211,42,52,11130,11305,72,0,0,0
2212,52,27,9925,10060,133,0,0,0
2213,52,27,11365,11500,72,0,0,0
2214,49,35,9500,9595,43,0,0,0
2215,49,35,10940,11035,57,1,0,0
2216,49,35,12380,12475,103,0,0,0
2217,31,27,7875,8065,61,0,0,0
2218,31,27,10755,10945,42,0,0,0
2219,31,27,12195,12385,52,0,0,0
2220,42,52,8250,8425,4,0,0,0
2221,42,52,12570,12745,137,0,0,0
2222,52,27,8485,8620,4,0,0,0
2223,52,27,12805,12940,137,0,0,0
2224,49,35,8060,8155,93,0,0,0
2225,40,49,8490,8605,58,0,0,0
2226,27,36,7635,7835,102,0,0,0
2227,27,36,9075,9275,112,0,0,0
2228,27,36,10515,10715,112,0,0,0
2229,27,36,11955,12155,72,0,0,0
2230,36,27,7900,8085,102,0,0,0
2231,36,27,10780,10965,98,0,0,0
2232,36,27,12220,12405,72,0,0,0
2233,36,27,9340,9525,112,0,0,0
2234,49,40,8310,8430,58,0,0,0
2235,49,40,11200,11320,57,0,0,0
2236,40,49,11370,11485,57,0,0,0
2237,27,31,7625,7810,61,0,0,0
2238,27,31,10505,10690,111,0,0,0
2239,27,31,11945,12130,52,0,0,0
2240,36,52,7825,7950,62,0,0,0
2241,36,52,9265,9390,34,0,0,0
2242,36,52,10705,10830,34,0,0,0
2243,36,52,12145,12270,61,0,0,0
2244,52,36,7625,7760,62,0,0,0
2245,52,36,9065,9200,34,0,0,0
2246,52,36,10505,10640,34,0,0,0
2247,52,36,11945,12080,61,0,0,0
2248,52,44,8170,8345,34,0,0,0
2249,52,44,11050,11225,83,0,0,0
2250,47,32,12490,12630,40,0,0,0
2251,67,74,10765,10865,32,0,0,0
2252,32,52,12685,12780,40,0,0,0
2253,74,67,9490,9570,32,0,0,0
2254,74,67,12370,12450,43,0,0,0
2255,47,32,9610,9750,31,0,0,0
2256,32,52,9805,9900,31,0,0,0
2257,44,52,8390,8545,34,0,0,0
2258,44,52,11270,11425,83,0,0,0
2259,67,49,9635,9785,32,1,0,0
2260,67,49,12515,12665,43,0,0,0
2261,52,32,10690,10800,31,0,0,0
2262,49,32,9420,9520,140,0,0,0
2263,32,47,10860,11000,31,0,0,0
2264,32,46,9575,9680,140,0,0,0
2265,52,32,7810,7920,31,0,0,0
2266,32,47,7980,8120,31,0,0,0
2267,46,32,9755,9865,103,0,0,0
2268,32,49,9925,10015,140,1,0,0
2269,49,67,10545,10705,32,1,0,0
2270,32,61,9975,10070,79,1,0,0
2271,32,61,11415,11510,79,0,0,0
2272,57,46,7845,7960,87,0,0,0
2273,57,46,9285,9400,113,0,0,0
2274,57,46,10725,10840,30,0,0,0
2275,57,46,12165,12280,112,0,0,0
2276,61,57,7690,7785,87,0,0,0
2277,61,57,9130,9225,113,0,0,0
2278,61,57,10570,10665,100,1,0,0
2279,61,57,12010,12105,112,0,0,0
2280,46,57,12695,12805,87,0,0,0
2281,57,61,12865,12955,87,0,0,0
2282,46,57,9815,9925,93,0,0,0
2283,46,57,11255,11365,113,0,0,0
2284,43,37,8065,8165,65,0,0,0
2285,43,37,9505,9605,96,0,0,0
2286,43,37,12385,12485,51,0,0,0
2287,57,61,9985,10075,87,1,0,0
2288,57,61,11425,11515,113,0,0,0
2289,32,44,9600,9745,79,0,0,0
2290,32,44,11040,11185,79,0,0,0
2291,37,61,8225,8350,65,0,0,0
2292,37,61,9665,9790,96,1,0,0
2293,37,61,12545,12670,51,0,0,0
2294,46,57,8375,8485,17,0,0,0
2295,57,61,8545,8635,17,0,0,0
2296,61,32,9445,9540,79,0,0,0
2297,61,32,10885,10980,112,1,0,0
2298,44,32,9790,9925,79,0,0,0
2299,44,32,11230,11365,79,0,0,0
2300,39,49,9890,10010,42,1,0,0
2301,49,39,9725,9845,42,1,0,0
2302,49,39,12605,12725,48,0,0,0
2303,39,49,12770,12890,48,0,0,0
2304,46,45,8215,8305,62,0,0,0
2305,46,45,11095,11185,60,0,0,0
2306,46,45,12535,12625,61,0,0,0
2307,45,46,8350,8430,62,0,0,0
2308,45,46,11230,11310,60,0,0,0
2309,45,46,12670,12750,61,0,0,0
2310,46,52,8495,8625,62,0,0,0
2311,46,52,11375,11505,60,0,0,0
2312,46,52,12815,12945,61,0,0,0
2313,44,38,8340,8460,128,0,0,0
2314,44,38,9780,9900,59,0,0,0
2315,44,38,11220,11340,59,0,0,0
2316,52,46,8015,8155,62,0,0,0
2317,52,46,10895,11035,60,0,0,0
2318,52,46,12335,12475,61,0,0,0
2319,38,49,8530,8620,128,0,0,0
2320,38,49,9970,10060,59,1,0,0
2321,38,49,11410,11500,59,0,0,0
2322,32,50,8545,8630,105,0,0,0
2323,75,32,11115,11365,66,0,0,0
2324,50,32,7745,7830,105,0,0,0
2325,50,32,9185,9270,66,0,0,0
2326,50,32,10625,10710,104,1,0,0
2327,50,32,12065,12150,66,0,0,0
2328,32,50,11425,11510,66,0,0,0
2329,75,32,12555,12805,66,0,0,0
2330,32,50,12865,12950,66,0,0,0
2331,32,75,7890,8165,105,0,0,0
2332,32,75,9330,9605,66,0,0,0
2333,32,75,10770,11045,66,0,0,0
2334,32,75,12210,12485,66,0,0,0
2335,75,32,9675,9925,66,0,0,0
2336,32,50,9985,10070,66,1,0,0
2337,75,32,8235,8485,105,0,0,0
2338,49,11,8460,8610,109,0,0,0
2339,49,11,9900,10050,18,1,0,0
2340,49,11,11340,11490,102,0,0,0
2341,49,11,12780,12930,102,0,0,0
2342,11,49,7590,7735,106,0,0,0
2343,11,49,9030,9175,109,0,0,0
2344,11,49,10960,11105,85,0,0,0
2345,11,49,11910,12055,102,0,0,0
2346,49,65,9070,9235,90,0,0,0
2347,65,77,9275,9385,90,0,0,0
2348,77,65,9470,9595,1,0,0,0
2349,65,49,9640,9800,90,1,0,0
2350,52,35,11100,11230,88,0,0,0
2351,35,52,11275,11395,88,0,0,0
2352,51,51,12060,12240,59,0,0,0
2353,51,51,12330,12510,59,0,0,0
2354,58,58,12090,12210,109,0,0,0
2355,58,58,12330,12510,109,0,0,0
2356,49,51,11980,12030,59,0,0,0
2357,50,58,11960,12060,109,0,0,0
2358,58,58,12600,12720,109,0,0,0
2359,50,37,9295,9420,115,0,0,0
2360,50,37,7855,7980,118,0,0,0
2361,50,37,10735,10860,13,1,0,0
2362,37,50,7690,7810,114,0,0,0
2363,37,50,9130,9250,115,0,0,0
2364,37,50,10985,11105,136,0,0,0
